tool	weighted_accuracy	accuracy	weighted_F1	F1	coverage	specificity	sensitivity	precision	mcc	norm_mcc	weighted_norm_mcc
SpliceAI	0.739	0.7424242424242424	0.659	0.662	0.9949748743718593	1.0	0.49504950495049505	1.0	0.57	0.7849999999999999	0.781
Pangolin	0.739	0.7386934673366834	0.658	0.658	1.0	1.0	0.49019607843137253	1.0	0.565	0.7825	0.782
CI-SpliceAI	0.633	0.6331658291457286	0.443	0.443	1.0	1.0	0.28431372549019607	1.0	0.403	0.7015	0.702
SQUIRLS	0.563	0.5628140703517588	0.256	0.256	1.0	1.0	0.14705882352941177	1.0	0.278	0.639	0.639
SPiP	0.518	0.5175879396984925	0.111	0.111	1.0	1.0	0.058823529411764705	1.0	0.172	0.586	0.586
CADD_v1.5	0.487	0.49743589743589745	0.0	0.0	0.9798994974874372	1.0	0.0	0.0	0.0	0.5	0.49
MaxEntScan	0.482	0.4824120603015075	0.327	0.327	1.0	0.7319587628865979	0.24509803921568626	0.49019607843137253	-0.026	0.487	0.487
PDIVAS	0.271	0.5346534653465347	0.35	0.689	0.507537688442211	1.0	0.5252525252525253	1.0	0.146	0.573	0.291
