tool	weighted_accuracy	accuracy	weighted_F1	F1	coverage	specificity	sensitivity	precision	mcc	norm_mcc	weighted_norm_mcc
SpliceAI	0.748	0.751219512195122	0.663	0.667	0.9951456310679612	1.0	0.5	1.0	0.578	0.7889999999999999	0.785
Pangolin	0.748	0.7475728155339806	0.662	0.662	1.0	1.0	0.49514563106796117	1.0	0.574	0.7869999999999999	0.787
CI-SpliceAI	0.646	0.6456310679611651	0.451	0.451	1.0	1.0	0.2912621359223301	1.0	0.413	0.7065	0.706
SQUIRLS	0.573	0.5728155339805825	0.267	0.267	1.0	0.9902912621359223	0.1553398058252427	0.9411764705882353	0.265	0.6325000000000001	0.633
SPiP	0.529	0.529126213592233	0.11	0.11	1.0	1.0	0.05825242718446602	1.0	0.173	0.5865	0.586
CADD_v1.5	0.5	0.5099009900990099	0.0	0.0	0.9805825242718447	1.0	0.0	0.0	0.0	0.5	0.49
MaxEntScan	0.49	0.49029126213592233	0.323	0.323	1.0	0.7378640776699029	0.24271844660194175	0.4807692307692308	-0.022	0.489	0.489
PDIVAS	0.267	0.5392156862745098	0.343	0.693	0.49514563106796117	1.0	0.53	1.0	0.147	0.5735	0.284
