tool	precision	specificity	sensitivity	mcc	norm_mcc	weighted_norm_mcc	tp	fp	tn	fn	mp	mn	scored_p	scored_n	total_p	total_n	F1	weighted_F1	total	correct	nan	fraction_nan	coverage	accuracy	weighted_accuracy	auROC	auPRC
CADD_v1.5	0.0	1.0	0.0	0.0	0.5	0.5	0	0	57	57	0	0	57	57	57	57	0.0	0.0	114	57	0	0.0	1.0	0.5	0.5	0.6645121575869499	0.7417162686079437
SQUIRLS	0.9375	0.9824561403508771	0.2631578947368421	0.354	0.677	0.677	15	1	56	42	0	0	57	57	57	57	0.411	0.411	114	71	0	0.0	1.0	0.6228070175438597	0.623	0.7780855647891659	0.7686590454146087
MaxEntScan	0.6071428571428571	0.8070175438596491	0.2982456140350877	0.122	0.5609999999999999	0.561	17	11	46	40	0	0	57	57	57	57	0.4	0.4	114	63	0	0.0	1.0	0.5526315789473685	0.553	0.5764850723299477	0.5717628414978544
SpliceAI	1.0	1.0	0.7678571428571429	0.791	0.8955	0.888	43	0	57	13	1	0	56	57	57	57	0.869	0.861	114	100	1	0.008771929824561403	0.9912280701754386	0.8849557522123894	0.877	0.9495614035087718	0.9478161481942693
CI-SpliceAI	1.0	1.0	0.43859649122807015	0.53	0.765	0.765	25	0	57	32	0	0	57	57	57	57	0.61	0.61	114	82	0	0.0	1.0	0.7192982456140351	0.719	0.9027393044013543	0.9151213986012965
Pangolin	1.0	1.0	0.7719298245614035	0.793	0.8965000000000001	0.897	44	0	57	13	0	0	57	57	57	57	0.871	0.871	114	101	0	0.0	1.0	0.8859649122807017	0.886	0.9507540781779009	0.9487237098605987
SPiP	1.0	1.0	0.10526315789473684	0.236	0.618	0.618	6	0	57	51	0	0	57	57	57	57	0.19	0.19	114	63	0	0.0	1.0	0.5526315789473685	0.553	0.8144044321329641	0.846675174620106
PDIVAS	1.0	1.0	0.8070175438596491	0.352	0.6759999999999999	0.35	46	0	2	11	0	55	57	2	57	57	0.893	0.462	114	48	55	0.4824561403508772	0.5175438596491229	0.8135593220338984	0.421		
