tool	precision	specificity	sensitivity	mcc	norm_mcc	weighted_norm_mcc	tp	fp	tn	fn	mp	mn	scored_p	scored_n	total_p	total_n	F1	weighted_F1	total	correct	nan	fraction_nan	coverage	accuracy	weighted_accuracy	auROC	auPRC
CADD_v1.5	0.0	1.0	0.0	0.0	0.5	0.5	0	0	53	55	0	0	55	53	55	53	0.0	0.0	108	53	0	0.0	1.0	0.49074074074074076	0.491	0.6981132075471698	0.7746508345520307
SQUIRLS	1.0	1.0	0.2727272727272727	0.394	0.6970000000000001	0.697	15	0	53	40	0	0	55	53	55	53	0.429	0.429	108	68	0	0.0	1.0	0.6296296296296297	0.63	0.8058319039451115	0.8387151416690217
MaxEntScan	0.6071428571428571	0.7924528301886793	0.3090909090909091	0.116	0.558	0.558	17	11	42	38	0	0	55	53	55	53	0.41	0.41	108	59	0	0.0	1.0	0.5462962962962963	0.546	0.5821612349914237	0.5646261099411162
SpliceAI	1.0	1.0	0.7777777777777778	0.796	0.898	0.89	42	0	53	12	1	0	54	53	55	53	0.875	0.867	108	95	1	0.009259259259259259	0.9907407407407407	0.8878504672897196	0.88	0.9626135569531796	0.9551396986600746
CI-SpliceAI	1.0	1.0	0.43636363636363634	0.525	0.7625	0.762	24	0	53	31	0	0	55	53	55	53	0.608	0.608	108	77	0	0.0	1.0	0.7129629629629629	0.713	0.8970840480274442	0.9124259934815891
Pangolin	1.0	1.0	0.7818181818181819	0.798	0.899	0.899	43	0	53	12	0	0	55	53	55	53	0.878	0.878	108	96	0	0.0	1.0	0.8888888888888888	0.889	0.9499142367066895	0.9490236711482988
SPiP	1.0	1.0	0.10909090909090909	0.238	0.619	0.619	6	0	53	49	0	0	55	53	55	53	0.197	0.197	108	59	0	0.0	1.0	0.5462962962962963	0.546	0.8089193825042883	0.8471209349655479
PDIVAS	1.0	1.0	0.8181818181818182	0.369	0.6845	0.361	45	0	2	10	0	51	55	2	55	53	0.9	0.475	108	47	51	0.4722222222222222	0.5277777777777778	0.8245614035087719	0.435		
