tool	precision	specificity	sensitivity	mcc	norm_mcc	weighted_norm_mcc	tp	fp	tn	fn	mp	mn	scored_p	scored_n	total_p	total_n	F1	weighted_F1	total	correct	nan	fraction_nan	coverage	accuracy	weighted_accuracy
SQUIRLS	0.0	0.9761904761904762	0.0	-0.046	0.477	0.467	0	1	41	4	0	1	4	42	4	43	0.0	0.0	47	41	1	0.02127659574468085	0.9787234042553191	0.8913043478260869	0.872
SpliceAI	0.2857142857142857	0.8648648648648649	0.5	0.288	0.644	0.562	2	5	32	2	0	6	4	37	4	43	0.364	0.317	47	34	6	0.1276595744680851	0.8723404255319149	0.8292682926829268	0.723
Pangolin	0.16666666666666666	0.8076923076923077	1.0	0.367	0.6835	0.393	1	5	21	0	3	17	1	26	4	43	0.286	0.164	47	22	20	0.425531914893617	0.574468085106383	0.8148148148148148	0.468
AlphaGenome	0.0	0.9375	0.0	-0.102	0.449	0.182	0	1	15	3	1	27	3	16	4	43	0.0	0.0	47	15	28	0.5957446808510638	0.40425531914893614	0.7894736842105263	0.319
