tool	precision	specificity	sensitivity	mcc	norm_mcc	weighted_norm_mcc	tp	fp	tn	fn	mp	mn	scored_p	scored_n	total_p	total_n	F1	weighted_F1	total	correct	nan	fraction_nan	coverage	accuracy	weighted_accuracy
SQUIRLS	0.0	0.9347826086956522	0.0	-0.054	0.473	0.258	0	3	43	2	0	40	2	46	2	86	0.0	0.0	88	43	40	0.45454545454545453	0.5454545454545454	0.8958333333333334	0.489
SpliceAI	0.2	0.9024390243902439	0.5	0.264	0.632	0.309	1	4	37	1	0	45	2	41	2	86	0.286	0.14	88	38	45	0.5113636363636364	0.48863636363636365	0.8837209302325582	0.432
Pangolin	0.5	0.975	1.0	0.698	0.849	0.396	1	1	39	0	1	46	1	40	2	86	0.667	0.311	88	40	47	0.5340909090909091	0.4659090909090909	0.975609756097561	0.455
AlphaGenome	0.0	0.9795918367346939	0.0	-0.029	0.4855	0.281	0	1	48	2	0	37	2	49	2	86	0.0	0.0	88	48	37	0.42045454545454547	0.5795454545454546	0.9411764705882353	0.545
