tool	precision	specificity	sensitivity	mcc	norm_mcc	weighted_norm_mcc	tp	fp	tn	fn	mp	mn	scored_p	scored_n	total_p	total_n	F1	weighted_F1	total	correct	nan	fraction_nan	coverage	accuracy	weighted_accuracy
SQUIRLS	0	1.0	0	0.0	0.5	0.167	0	0	4	0	0	8	0	4	0	12	0	0	12	4	8	0.6666666666666666	0.3333333333333333	1.0	0.333
SpliceAI	0	1.0	0	0.0	0.5	0.125	0	0	3	0	0	9	0	3	0	12	0	0	12	3	9	0.75	0.25	1.0	0.25
Pangolin	0	1.0	0	0.0	0.5	0.25	0	0	6	0	0	6	0	6	0	12	0	0	12	6	6	0.5	0.5	1.0	0.5
AlphaGenome	0	1.0	0	0.0	0.5	0.417	0	0	10	0	0	2	0	10	0	12	0	0	12	10	2	0.16666666666666666	0.8333333333333334	1.0	0.833
