tool	precision	specificity	sensitivity	mcc	norm_mcc	weighted_norm_mcc	tp	fp	tn	fn	mp	mn	scored_p	scored_n	total_p	total_n	F1	weighted_F1	total	correct	nan	fraction_nan	coverage	accuracy	weighted_accuracy	auROC	auPRC
SQUIRLS	0.08	0.9632	0.05555555555555555	0.022	0.511	0.511	2	23	602	34	0	0	36	625	36	625	0.066	0.066	661	604	0	0.0	1.0	0.913767019667171	0.914	0.44737777777777776	0.04973658311975376
SpliceAI	0.04672897196261682	0.8360128617363344	0.1388888888888889	-0.015	0.4925	0.49	5	102	520	31	0	3	36	622	36	625	0.07	0.07	661	525	3	0.0045385779122541605	0.9954614220877458	0.7978723404255319	0.794	0.5515809217577706	0.0726853851560477
Pangolin	0.058823529411764705	0.85	0.13043478260869565	-0.014	0.493	0.256	3	48	272	20	13	305	23	320	36	625	0.081	0.042	661	275	318	0.481089258698941	0.518910741301059	0.8017492711370262	0.416	0.45747282608695655	0.061881797977239125
AlphaGenome	0.0	0.995260663507109	0.0	-0.017	0.4915	0.167	0	1	210	13	23	414	13	211	36	625	0.0	0.0	661	210	437	0.6611195158850227	0.3388804841149773	0.9375	0.318		
