tool	precision	specificity	sensitivity	mcc	norm_mcc	weighted_norm_mcc	tp	fp	tn	fn	mp	mn	scored_p	scored_n	total_p	total_n	F1	weighted_F1	total	correct	nan	fraction_nan	coverage	accuracy	weighted_accuracy	auROC	auPRC
SQUIRLS	0.06666666666666667	0.9611111111111111	0.047619047619047616	0.01	0.505	0.474	2	28	692	40	0	49	42	720	42	769	0.056	0.052	811	694	49	0.06041923551171394	0.9395807644882861	0.910761154855643	0.856	0.46620370370370373	0.052113526070057786
SpliceAI	0.06666666666666667	0.8413597733711048	0.19047619047619047	0.02	0.51	0.47	8	112	594	34	0	63	42	706	42	769	0.099	0.091	811	602	63	0.07768187422934648	0.9223181257706535	0.8048128342245989	0.742	0.7182989343046	0.10018626320436713
Pangolin	0.08333333333333333	0.8607594936708861	0.2	0.041	0.5205	0.27	5	55	340	20	17	374	25	395	42	769	0.118	0.061	811	345	391	0.48212083847102344	0.5178791615289766	0.8214285714285714	0.425	0.5092658227848101	0.06806373311923529
AlphaGenome	0.0	0.9895470383275261	0.0	-0.025	0.4875	0.183	0	3	284	18	24	482	18	287	42	769	0.0	0.0	811	284	506	0.623921085080148	0.376078914919852	0.9311475409836065	0.35	0.36314363143631434	0.04630184365690295
