tool	weighted_accuracy	accuracy	weighted_F1	F1	coverage	specificity	sensitivity	precision	mcc	norm_mcc	weighted_norm_mcc
SQUIRLS	0.872	0.8913043478260869	0.0	0.0	0.9787234042553191	0.9761904761904762	0.0	0.0	-0.046	0.477	0.467
SpliceAI	0.723	0.8292682926829268	0.317	0.364	0.8723404255319149	0.8648648648648649	0.5	0.2857142857142857	0.288	0.644	0.562
Pangolin	0.468	0.8148148148148148	0.164	0.286	0.574468085106383	0.8076923076923077	1.0	0.16666666666666666	0.367	0.6835	0.393
