tool	weighted_accuracy	accuracy	weighted_F1	F1	coverage	specificity	sensitivity	precision	mcc	norm_mcc	weighted_norm_mcc
AlphaGenome	0.833	1.0	0	0	0.8333333333333334	1.0	0	0	0.0	0.5	0.417
Pangolin	0.5	1.0	0	0	0.5	1.0	0	0	0.0	0.5	0.25
SQUIRLS	0.333	1.0	0	0	0.3333333333333333	1.0	0	0	0.0	0.5	0.167
SpliceAI	0.25	1.0	0	0	0.25	1.0	0	0	0.0	0.5	0.125
