tool	weighted_accuracy	accuracy	weighted_F1	F1	coverage	specificity	sensitivity	precision	mcc	norm_mcc	weighted_norm_mcc
SQUIRLS	0.914	0.913767019667171	0.066	0.066	1.0	0.9632	0.05555555555555555	0.08	0.022	0.511	0.511
SpliceAI	0.794	0.7978723404255319	0.07	0.07	0.9954614220877458	0.8360128617363344	0.1388888888888889	0.04672897196261682	-0.015	0.4925	0.49
Pangolin	0.416	0.8017492711370262	0.042	0.081	0.518910741301059	0.85	0.13043478260869565	0.058823529411764705	-0.014	0.493	0.256
AlphaGenome	0.318	0.9375	0.0	0.0	0.3388804841149773	0.995260663507109	0.0	0.0	-0.017	0.4915	0.167
