tool	weighted_accuracy	accuracy	weighted_F1	F1	coverage	specificity	sensitivity	precision	mcc	norm_mcc	weighted_norm_mcc
SQUIRLS	0.489	0.8958333333333334	0.0	0.0	0.5454545454545454	0.9347826086956522	0.0	0.0	-0.054	0.473	0.258
Pangolin	0.455	0.975609756097561	0.311	0.667	0.4659090909090909	0.975	1.0	0.5	0.698	0.849	0.396
SpliceAI	0.432	0.8837209302325582	0.14	0.286	0.48863636363636365	0.9024390243902439	0.5	0.2	0.264	0.632	0.309
