tool	precision	specificity	sensitivity	mcc	norm_mcc	weighted_norm_mcc	tp	fp	tn	fn	mp	mn	scored_p	scored_n	total_p	total_n	F1	weighted_F1	total	correct	nan	fraction_nan	coverage	accuracy	weighted_accuracy	auROC	auPRC
CADD_v1.5	0.0	1.0	0.0	0.0	0.5	0.481	0	0	54	50	4	0	50	54	54	54	0.0	0.0	108	54	4	0.037037037037037035	0.9629629629629629	0.5192307692307693	0.5	0.5011111111111111	0.533467676763993
SQUIRLS	0.8	0.9814814814814815	0.07407407407407407	0.132	0.5660000000000001	0.566	4	1	53	50	0	0	54	54	54	54	0.136	0.136	108	57	0	0.0	1.0	0.5277777777777778	0.528	0.6045953360768176	0.5936482009839805
MaxEntScan	0.52	0.7777777777777778	0.24074074074074073	0.022	0.511	0.511	13	12	42	41	0	0	54	54	54	54	0.329	0.329	108	55	0	0.0	1.0	0.5092592592592593	0.509	0.4770233196159122	0.4594814352182567
SpliceAI	1.0	1.0	0.22641509433962265	0.359	0.6795	0.673	12	0	54	41	1	0	53	54	54	54	0.369	0.366	108	66	1	0.009259259259259259	0.9907407407407407	0.616822429906542	0.611	0.5223619846261357	0.6483609417298173
CI-SpliceAI	1.0	1.0	0.16666666666666666	0.302	0.651	0.651	9	0	54	45	0	0	54	54	54	54	0.286	0.286	108	63	0	0.0	1.0	0.5833333333333334	0.583	0.39609053497942387	0.5805232818303545
Pangolin	1.0	1.0	0.2222222222222222	0.354	0.677	0.677	12	0	54	42	0	0	54	54	54	54	0.364	0.364	108	66	0	0.0	1.0	0.6111111111111112	0.611	0.4674211248285322	0.6287485923518884
SPiP	1.0	1.0	0.037037037037037035	0.137	0.5685	0.568	2	0	54	52	0	0	54	54	54	54	0.071	0.071	108	56	0	0.0	1.0	0.5185185185185185	0.519	0.3580246913580247	0.5236354930779327
PDIVAS	1.0	1.0	0.23529411764705882	0.107	0.5535	0.272	12	0	2	39	3	52	51	2	54	54	0.381	0.187	108	14	55	0.5092592592592593	0.49074074074074076	0.2641509433962264	0.13		
