tool	precision	specificity	sensitivity	mcc	norm_mcc	weighted_norm_mcc	tp	fp	tn	fn	mp	mn	scored_p	scored_n	total_p	total_n	F1	weighted_F1	total	correct	nan	fraction_nan	coverage	accuracy	weighted_accuracy	auROC	auPRC
CADD_v1.5	0.0	1.0	0.0	0.0	0.5	0.48	0	0	50	48	4	0	48	50	52	50	0.0	0.0	102	50	4	0.0392156862745098	0.9607843137254902	0.5102040816326531	0.49	0.49333333333333335	0.5419275955985313
SQUIRLS	1.0	1.0	0.057692307692307696	0.171	0.5855	0.586	3	0	50	49	0	0	52	50	52	50	0.109	0.109	102	53	0	0.0	1.0	0.5196078431372549	0.52	0.6176923076923077	0.6377969547485278
MaxEntScan	0.52	0.76	0.25	0.012	0.506	0.506	13	12	38	39	0	0	52	50	52	50	0.338	0.338	102	51	0	0.0	1.0	0.5	0.5	0.4665384615384615	0.4632562598516577
SpliceAI	1.0	1.0	0.21568627450980393	0.346	0.673	0.666	11	0	50	40	1	0	51	50	52	50	0.355	0.351	102	61	1	0.00980392156862745	0.9901960784313726	0.6039603960396039	0.598	0.511764705882353	0.6489908005301593
CI-SpliceAI	1.0	1.0	0.15384615384615385	0.286	0.643	0.643	8	0	50	44	0	0	52	50	52	50	0.267	0.267	102	58	0	0.0	1.0	0.5686274509803921	0.569	0.385	0.5798311135725042
Pangolin	1.0	1.0	0.21153846153846154	0.341	0.6705	0.67	11	0	50	41	0	0	52	50	52	50	0.349	0.349	102	61	0	0.0	1.0	0.5980392156862745	0.598	0.4423076923076924	0.6187172895021744
SPiP	1.0	1.0	0.038461538461538464	0.139	0.5695	0.57	2	0	50	50	0	0	52	50	52	50	0.074	0.074	102	52	0	0.0	1.0	0.5098039215686274	0.51	0.34192307692307694	0.5132115611909223
PDIVAS	1.0	1.0	0.22	0.104	0.552	0.281	11	0	2	39	2	48	50	2	52	50	0.361	0.184	102	13	50	0.49019607843137253	0.5098039215686274	0.25	0.127		
