tool	weighted_accuracy	accuracy	weighted_F1	F1	coverage	specificity	sensitivity	precision	mcc	norm_mcc	weighted_norm_mcc
SpliceAI	0.611	0.616822429906542	0.366	0.369	0.9907407407407407	1.0	0.22641509433962265	1.0	0.359	0.6795	0.673
Pangolin	0.611	0.6111111111111112	0.364	0.364	1.0	1.0	0.2222222222222222	1.0	0.354	0.677	0.677
CI-SpliceAI	0.583	0.5833333333333334	0.286	0.286	1.0	1.0	0.16666666666666666	1.0	0.302	0.651	0.651
SQUIRLS	0.528	0.5277777777777778	0.136	0.136	1.0	0.9814814814814815	0.07407407407407407	0.8	0.132	0.5660000000000001	0.566
SPiP	0.519	0.5185185185185185	0.071	0.071	1.0	1.0	0.037037037037037035	1.0	0.137	0.5685	0.568
MaxEntScan	0.509	0.5092592592592593	0.329	0.329	1.0	0.7777777777777778	0.24074074074074073	0.52	0.022	0.511	0.511
CADD_v1.5	0.5	0.5192307692307693	0.0	0.0	0.9629629629629629	1.0	0.0	0.0	0.0	0.5	0.481
PDIVAS	0.13	0.2641509433962264	0.187	0.381	0.49074074074074076	1.0	0.23529411764705882	1.0	0.107	0.5535	0.272
