tool	precision	specificity	sensitivity	mcc	norm_mcc	weighted_norm_mcc	tp	fp	tn	fn	mp	mn	scored_p	scored_n	total_p	total_n	F1	weighted_F1	total	correct	nan	fraction_nan	coverage	accuracy	weighted_accuracy
SQUIRLS	0.05	0.7466666666666667	0.3333333333333333	0.035	0.5175	0.518	2	38	112	4	0	0	6	150	6	150	0.087	0.087	156	114	0	0.0	1.0	0.7307692307692307	0.731
SpliceAI	0.023809523809523808	0.7210884353741497	0.16666666666666666	-0.049	0.4755	0.466	1	41	106	5	0	3	6	147	6	150	0.042	0.041	156	107	3	0.019230769230769232	0.9807692307692307	0.6993464052287581	0.686
Pangolin	0.02702702702702703	0.76	0.16666666666666666	-0.033	0.4835	0.484	1	36	114	5	0	0	6	150	6	150	0.047	0.047	156	115	0	0.0	1.0	0.7371794871794872	0.737
AlphaGenome	0.0	0.9793103448275862	0.0	0.0	0.5	0.465	0	3	142	0	6	5	0	145	6	150	0.0	0.0	156	142	11	0.07051282051282051	0.9294871794871795	0.9793103448275862	0.91
