tool	precision	specificity	sensitivity	mcc	norm_mcc	weighted_norm_mcc	tp	fp	tn	fn	mp	mn	scored_p	scored_n	total_p	total_n	F1	weighted_F1	total	correct	nan	fraction_nan	coverage	accuracy	weighted_accuracy	auROC	auPRC
SQUIRLS	0.058823529411764705	0.9603960396039604	0.0625	0.022	0.511	0.511	1	16	388	15	0	0	16	404	16	404	0.061	0.061	420	389	0	0.0	1.0	0.9261904761904762	0.926	0.3493193069306931	0.03472033306341567
SpliceAI	0.1	0.9330024813895782	0.1875	0.09	0.545	0.544	3	27	376	13	0	1	16	403	16	404	0.13	0.13	420	379	1	0.002380952380952381	0.9976190476190476	0.9045346062052506	0.902	0.7047146401985112	0.08642125671033593
Pangolin	0.20833333333333334	0.9517766497461929	0.3125	0.218	0.609	0.594	5	19	375	11	0	10	16	394	16	404	0.25	0.244	420	380	10	0.023809523809523808	0.9761904761904762	0.926829268292683	0.905	0.6016814720812182	0.08211610040618683
