tool	precision	specificity	sensitivity	mcc	norm_mcc	weighted_norm_mcc	tp	fp	tn	fn	mp	mn	scored_p	scored_n	total_p	total_n	F1	weighted_F1	total	correct	nan	fraction_nan	coverage	accuracy	weighted_accuracy	auROC	auPRC
SQUIRLS	0.13286713286713286	0.6363636363636364	0.7037037037037037	0.182	0.591	0.591	19	124	217	8	0	0	27	341	27	341	0.224	0.224	368	236	0	0.0	1.0	0.6413043478260869	0.641	0.6490713587487781	0.10835737220400066
SpliceAI	0.12837837837837837	0.6160714285714286	0.7037037037037037	0.171	0.5855	0.578	19	129	207	8	0	5	27	336	27	341	0.217	0.214	368	226	5	0.01358695652173913	0.9864130434782609	0.6225895316804407	0.614	0.6677689594356261	0.10411252691628167
Pangolin	0.13333333333333333	0.6528189910979229	0.6666666666666666	0.173	0.5865	0.58	18	117	220	9	0	4	27	337	27	341	0.222	0.22	368	238	4	0.010869565217391304	0.9891304347826086	0.6538461538461539	0.647	0.7221672711286954	0.12283016985127466
