tool	precision	specificity	sensitivity	mcc	norm_mcc	weighted_norm_mcc	tp	fp	tn	fn	mp	mn	scored_p	scored_n	total_p	total_n	F1	weighted_F1	total	correct	nan	fraction_nan	coverage	accuracy	weighted_accuracy	auROC	auPRC
SQUIRLS	0.1544885177453027	0.7801302931596091	0.5758754863813229	0.205	0.6025	0.602	148	810	2874	109	0	0	257	3684	257	3684	0.244	0.244	3941	3022	0	0.0	1.0	0.7668104541994417	0.767	0.7007360676307685	0.14960406860683362
SpliceAI	0.17096774193548386	0.7878954607977992	0.6259842519685039	0.24	0.62	0.612	159	771	2864	95	3	49	254	3635	257	3684	0.269	0.265	3941	3023	52	0.013194620654656179	0.9868053793453438	0.7773206479814863	0.767	0.7517475549394015	0.15591308182411642
Pangolin	0.18581907090464547	0.8182810368349249	0.5984251968503937	0.252	0.626	0.623	152	666	2999	102	3	19	254	3665	257	3684	0.284	0.282	3941	3151	22	0.005582339507739152	0.9944176604922609	0.8040316407246747	0.8	0.7694503228024192	0.16468909667107265
AlphaGenome	0.0	0.9800528014080375	0.0	0.0	0.5	0.433	0	68	3341	0	257	275	0	3409	257	3684	0.0	0.0	3941	3341	532	0.1349911190053286	0.8650088809946714	0.9800528014080375	0.848		
