tool	precision	specificity	sensitivity	mcc	norm_mcc	weighted_norm_mcc	tp	fp	tn	fn	mp	mn	scored_p	scored_n	total_p	total_n	F1	weighted_F1	total	correct	nan	fraction_nan	coverage	accuracy	weighted_accuracy	auROC	auPRC
SQUIRLS	0.24235294117647058	0.0	1.0	0.0	0.5	0.5	103	322	0	0	0	0	103	322	103	322	0.39	0.39	425	103	0	0.0	1.0	0.24235294117647058	0.242	0.5726647771814508	0.2808876640517412
SpliceAI	0.25	0.006493506493506494	1.0	0.04	0.52	0.502	102	306	2	0	1	14	102	308	103	322	0.4	0.386	425	104	15	0.03529411764705882	0.9647058823529412	0.25365853658536586	0.245	0.38225744843391896	0.19031609681300202
Pangolin	0.24170616113744076	0.006211180124223602	0.9902912621359223	-0.018	0.491	0.491	102	320	2	1	0	0	103	322	103	322	0.389	0.389	425	104	0	0.0	1.0	0.2447058823529412	0.245	0.43472230597599953	0.21752538737440713
AlphaGenome	0.0	0.9571984435797666	0.0	0.0	0.5	0.302	0	11	246	0	103	65	0	257	103	322	0.0	0.0	425	246	168	0.3952941176470588	0.6047058823529412	0.9571984435797666	0.579		
