tool	precision	specificity	sensitivity	mcc	norm_mcc	weighted_norm_mcc	tp	fp	tn	fn	mp	mn	scored_p	scored_n	total_p	total_n	F1	weighted_F1	total	correct	nan	fraction_nan	coverage	accuracy	weighted_accuracy	auROC	auPRC
SQUIRLS	0.20512820512820512	0.9207161125319693	0.3076923076923077	0.19	0.595	0.595	8	31	360	18	0	0	26	391	26	391	0.246	0.246	417	368	0	0.0	1.0	0.882494004796163	0.882	0.5701357466063348	0.12593037134505258
SpliceAI	0.18181818181818182	0.8849104859335039	0.38461538461538464	0.193	0.5965	0.596	10	45	346	16	0	0	26	391	26	391	0.247	0.247	417	356	0	0.0	1.0	0.8537170263788969	0.854	0.695061971276805	0.12728299609727836
Pangolin	0.20512820512820512	0.9207161125319693	0.3076923076923077	0.19	0.595	0.595	8	31	360	18	0	0	26	391	26	391	0.246	0.246	417	368	0	0.0	1.0	0.882494004796163	0.882	0.7094235687586071	0.13469980739012802
