tool	weighted_accuracy	accuracy	weighted_F1	F1	coverage	specificity	sensitivity	precision	mcc	norm_mcc	weighted_norm_mcc
SQUIRLS	0.926	0.9261904761904762	0.061	0.061	1.0	0.9603960396039604	0.0625	0.058823529411764705	0.022	0.511	0.511
Pangolin	0.905	0.926829268292683	0.244	0.25	0.9761904761904762	0.9517766497461929	0.3125	0.20833333333333334	0.218	0.609	0.594
SpliceAI	0.902	0.9045346062052506	0.13	0.13	0.9976190476190476	0.9330024813895782	0.1875	0.1	0.09	0.545	0.544
