tool	weighted_accuracy	accuracy	weighted_F1	F1	coverage	specificity	sensitivity	precision	mcc	norm_mcc	weighted_norm_mcc
AlphaGenome	0.91	0.9793103448275862	0.0	0.0	0.9294871794871795	0.9793103448275862	0.0	0.0	0.0	0.5	0.465
Pangolin	0.737	0.7371794871794872	0.047	0.047	1.0	0.76	0.16666666666666666	0.02702702702702703	-0.033	0.4835	0.484
SQUIRLS	0.731	0.7307692307692307	0.087	0.087	1.0	0.7466666666666667	0.3333333333333333	0.05	0.035	0.5175	0.518
SpliceAI	0.686	0.6993464052287581	0.041	0.042	0.9807692307692307	0.7210884353741497	0.16666666666666666	0.023809523809523808	-0.049	0.4755	0.466
