tool	weighted_accuracy	accuracy	weighted_F1	F1	coverage	specificity	sensitivity	precision	mcc	norm_mcc	weighted_norm_mcc
AlphaGenome	0.579	0.9571984435797666	0.0	0.0	0.6047058823529412	0.9571984435797666	0.0	0.0	0.0	0.5	0.302
SpliceAI	0.245	0.25365853658536586	0.386	0.4	0.9647058823529412	0.006493506493506494	1.0	0.25	0.04	0.52	0.502
Pangolin	0.245	0.2447058823529412	0.389	0.389	1.0	0.006211180124223602	0.9902912621359223	0.24170616113744076	-0.018	0.491	0.491
SQUIRLS	0.242	0.24235294117647058	0.39	0.39	1.0	0.0	1.0	0.24235294117647058	0.0	0.5	0.5
