tool	precision	specificity	sensitivity	mcc	norm_mcc	weighted_norm_mcc	tp	fp	tn	fn	mp	mn	scored_p	scored_n	total_p	total_n	F1	weighted_F1	total	correct	nan	fraction_nan	coverage	accuracy	weighted_accuracy	auROC	auPRC
SQUIRLS	0.06666666666666667	0.964824120603015	0.045454545454545456	0.012	0.506	0.474	2	28	768	42	0	56	44	796	44	852	0.054	0.051	896	770	56	0.0625	0.9375	0.9166666666666666	0.859	0.4909490634993148	0.05146292326755883
SpliceAI	0.07258064516129033	0.8521850899742931	0.20454545454545456	0.036	0.518	0.475	9	115	663	35	0	74	44	778	44	852	0.107	0.098	896	672	74	0.08258928571428571	0.9174107142857143	0.8175182481751825	0.75	0.665868193503155	0.09211180459300052
Pangolin	0.08064516129032258	0.866822429906542	0.2	0.044	0.522	0.264	5	57	371	20	19	424	25	428	44	852	0.115	0.058	896	376	443	0.49441964285714285	0.5055803571428571	0.8300220750551877	0.42	0.5172897196261682	0.06520629341899564
AlphaGenome	0.0	0.9895470383275261	0.0	-0.025	0.4875	0.166	0	3	284	18	26	565	18	287	44	852	0.0	0.0	896	284	591	0.6595982142857143	0.3404017857142857	0.9311475409836065	0.317	0.36314363143631434	0.04630184365690295
