tool	precision	specificity	sensitivity	mcc	norm_mcc	weighted_norm_mcc	tp	fp	tn	fn	mp	mn	scored_p	scored_n	total_p	total_n	F1	weighted_F1	total	correct	nan	fraction_nan	coverage	accuracy	weighted_accuracy
SQUIRLS	0.0	0.9807692307692307	0.0	-0.037	0.4815	0.473	0	1	51	4	0	1	4	52	4	53	0.0	0.0	57	51	1	0.017543859649122806	0.9824561403508771	0.9107142857142857	0.895
SpliceAI	0.25	0.8666666666666667	0.5	0.272	0.636	0.547	2	6	39	2	0	8	4	45	4	53	0.333	0.287	57	41	8	0.14035087719298245	0.8596491228070176	0.8367346938775511	0.719
Pangolin	0.14285714285714285	0.8064516129032258	1.0	0.339	0.6695	0.376	1	6	25	0	3	22	1	31	4	53	0.25	0.14	57	26	25	0.43859649122807015	0.5614035087719298	0.8125	0.456
AlphaGenome	0.0	0.9375	0.0	-0.102	0.449	0.15	0	1	15	3	1	37	3	16	4	53	0.0	0.0	57	15	38	0.6666666666666666	0.3333333333333333	0.7894736842105263	0.263
