tool	precision	specificity	sensitivity	mcc	norm_mcc	weighted_norm_mcc	tp	fp	tn	fn	mp	mn	scored_p	scored_n	total_p	total_n	F1	weighted_F1	total	correct	nan	fraction_nan	coverage	accuracy	weighted_accuracy
SQUIRLS	0	1.0	0	0.0	0.5	0.167	0	0	5	0	0	10	0	5	0	15	0	0	15	5	10	0.6666666666666666	0.3333333333333333	1.0	0.333
SpliceAI	0	1.0	0	0.0	0.5	0.133	0	0	4	0	0	11	0	4	0	15	0	0	15	4	11	0.7333333333333333	0.26666666666666666	1.0	0.267
Pangolin	0	1.0	0	0.0	0.5	0.2	0	0	6	0	0	9	0	6	0	15	0	0	15	6	9	0.6	0.4	1.0	0.4
AlphaGenome	0	1.0	0	0.0	0.5	0.333	0	0	10	0	0	5	0	10	0	15	0	0	15	10	5	0.3333333333333333	0.6666666666666666	1.0	0.667
