tool	precision	specificity	sensitivity	mcc	norm_mcc	weighted_norm_mcc	tp	fp	tn	fn	mp	mn	scored_p	scored_n	total_p	total_n	F1	weighted_F1	total	correct	nan	fraction_nan	coverage	accuracy	weighted_accuracy	auROC	auPRC
SQUIRLS	0.08	0.9665697674418605	0.05263157894736842	0.023	0.5115	0.511	2	23	665	36	0	1	38	688	38	689	0.063	0.063	727	667	1	0.001375515818431912	0.9986244841815681	0.918732782369146	0.917	0.469094247246022	0.05011576789198026
SpliceAI	0.05454545454545454	0.8481751824817518	0.15789473684210525	0.004	0.502	0.499	6	104	581	32	0	4	38	685	38	689	0.081	0.081	727	587	4	0.005502063273727648	0.9944979367262724	0.8118948824343015	0.807	0.5614291202458701	0.07426543158751188
Pangolin	0.057692307692307696	0.8579710144927536	0.13043478260869565	-0.008	0.496	0.251	3	49	296	20	15	344	23	345	38	689	0.08	0.04	727	299	359	0.4938101788170564	0.5061898211829436	0.8125	0.411	0.6180214240705735	0.07536208974409958
AlphaGenome	0.0	0.995260663507109	0.0	-0.017	0.4915	0.151	0	1	210	13	25	478	13	211	38	689	0.0	0.0	727	210	503	0.6918844566712518	0.3081155433287483	0.9375	0.289		
