tool	precision	specificity	sensitivity	mcc	norm_mcc	weighted_norm_mcc	tp	fp	tn	fn	mp	mn	scored_p	scored_n	total_p	total_n	F1	weighted_F1	total	correct	nan	fraction_nan	coverage	accuracy	weighted_accuracy
SQUIRLS	0.0	0.9375	0.0	-0.052	0.474	0.255	0	3	45	2	0	43	2	48	2	91	0.0	0.0	93	45	43	0.46236559139784944	0.5376344086021505	0.9	0.484
SpliceAI	0.2	0.9024390243902439	0.5	0.264	0.632	0.292	1	4	37	1	0	50	2	41	2	91	0.286	0.132	93	38	50	0.5376344086021505	0.46236559139784944	0.8837209302325582	0.409
Pangolin	0.5	0.9761904761904762	1.0	0.699	0.8494999999999999	0.393	1	1	41	0	1	49	1	42	2	91	0.667	0.308	93	42	50	0.5376344086021505	0.46236559139784944	0.9767441860465116	0.452
