tool	weighted_accuracy	accuracy	weighted_F1	F1	coverage	specificity	sensitivity	precision	mcc	norm_mcc	weighted_norm_mcc
SQUIRLS	0.895	0.9107142857142857	0.0	0.0	0.9824561403508771	0.9807692307692307	0.0	0.0	-0.037	0.4815	0.473
SpliceAI	0.719	0.8367346938775511	0.287	0.333	0.8596491228070176	0.8666666666666667	0.5	0.25	0.272	0.636	0.547
Pangolin	0.456	0.8125	0.14	0.25	0.5614035087719298	0.8064516129032258	1.0	0.14285714285714285	0.339	0.6695	0.376
AlphaGenome	0.263	0.7894736842105263	0.0	0.0	0.3333333333333333	0.9375	0.0	0.0	-0.102	0.449	0.15
