tool	weighted_accuracy	accuracy	weighted_F1	F1	coverage	specificity	sensitivity	precision	mcc	norm_mcc	weighted_norm_mcc
SQUIRLS	0.484	0.9	0.0	0.0	0.5376344086021505	0.9375	0.0	0.0	-0.052	0.474	0.255
Pangolin	0.452	0.9767441860465116	0.308	0.667	0.46236559139784944	0.9761904761904762	1.0	0.5	0.699	0.8494999999999999	0.393
SpliceAI	0.409	0.8837209302325582	0.132	0.286	0.46236559139784944	0.9024390243902439	0.5	0.2	0.264	0.632	0.292
