tool	precision	specificity	sensitivity	mcc	norm_mcc	weighted_norm_mcc	tp	fp	tn	fn	mp	mn	scored_p	scored_n	total_p	total_n	F1	weighted_F1	total	correct	nan	fraction_nan	coverage	accuracy	weighted_accuracy
SQUIRLS	0.7142857142857143	0.6	1.0	0.655	0.8275	0.828	5	2	3	0	0	0	5	5	5	5	0.833	0.833	10	8	0	0.0	1.0	0.8	0.8
SpliceAI	0.625	0.4	1.0	0.5	0.75	0.75	5	3	2	0	0	0	5	5	5	5	0.769	0.769	10	7	0	0.0	1.0	0.7	0.7
Pangolin	0.7142857142857143	0.6	1.0	0.655	0.8275	0.828	5	2	3	0	0	0	5	5	5	5	0.833	0.833	10	8	0	0.0	1.0	0.8	0.8
