tool	weighted_accuracy	accuracy	weighted_F1	F1	coverage	specificity	sensitivity	precision	mcc	norm_mcc	weighted_norm_mcc
SQUIRLS	0.917	0.9166666666666666	0	0	1.0	0.9166666666666666	0	0.0	0.0	0.5	0.5
SpliceAI	0.917	0.9166666666666666	0	0	1.0	0.9166666666666666	0	0.0	0.0	0.5	0.5
Pangolin	0.917	1.0	0	0	0.9166666666666666	1.0	0	0.0	0.0	0.5	0.458
