tool	precision	specificity	sensitivity	mcc	norm_mcc	weighted_norm_mcc	tp	fp	tn	fn	mp	mn	scored_p	scored_n	total_p	total_n	F1	weighted_F1	total	correct	nan	fraction_nan	coverage	accuracy	weighted_accuracy	auROC	auPRC
CADD_v1.5	0.0	1.0	0.0	0.0	0.5	0.49	0	0	103	99	4	0	99	103	103	103	0.0	0.0	206	103	4	0.019417475728155338	0.9805825242718447	0.5099009900990099	0.5	0.6219476316563696	0.6826772348310649
SQUIRLS	0.9411764705882353	0.9902912621359223	0.1553398058252427	0.265	0.6325000000000001	0.633	16	1	102	87	0	0	103	103	103	103	0.267	0.267	206	118	0	0.0	1.0	0.5728155339805825	0.573	0.7098689791686303	0.7215701757368946
MaxEntScan	0.4807692307692308	0.7378640776699029	0.24271844660194175	-0.022	0.489	0.489	25	27	76	78	0	0	103	103	103	103	0.323	0.323	206	101	0	0.0	1.0	0.49029126213592233	0.49	0.5178621924780846	0.48503660495068307
SpliceAI	1.0	1.0	0.5	0.578	0.7889999999999999	0.785	51	0	103	51	1	0	102	103	103	103	0.667	0.663	206	154	1	0.0048543689320388345	0.9951456310679612	0.751219512195122	0.748	0.7648962497620406	0.8288796313495146
CI-SpliceAI	1.0	1.0	0.2912621359223301	0.413	0.7065	0.706	30	0	103	73	0	0	103	103	103	103	0.451	0.451	206	133	0	0.0	1.0	0.6456310679611651	0.646	0.6762183052125553	0.7766639907824615
Pangolin	1.0	1.0	0.49514563106796117	0.574	0.7869999999999999	0.787	51	0	103	52	0	0	103	103	103	103	0.662	0.662	206	154	0	0.0	1.0	0.7475728155339806	0.748	0.7410689037609577	0.8195775701529349
SPiP	1.0	1.0	0.05825242718446602	0.173	0.5865	0.586	6	0	103	97	0	0	103	103	103	103	0.11	0.11	206	109	0	0.0	1.0	0.529126213592233	0.529	0.6069375058912244	0.722882645233841
PDIVAS	1.0	1.0	0.53	0.147	0.5735	0.284	53	0	2	47	3	101	100	2	103	103	0.693	0.343	206	55	104	0.5048543689320388	0.49514563106796117	0.5392156862745098	0.267		
