tool	precision	specificity	sensitivity	mcc	norm_mcc	weighted_norm_mcc	tp	fp	tn	fn	mp	mn	scored_p	scored_n	total_p	total_n	F1	weighted_F1	total	correct	nan	fraction_nan	coverage	accuracy	weighted_accuracy	auROC	auPRC
CADD_v1.5	0.0	1.0	0.0	0.0	0.5	0.49	0	0	97	98	4	0	98	97	102	97	0.0	0.0	199	97	4	0.020100502512562814	0.9798994974874372	0.49743589743589745	0.487	0.6398064380391333	0.7102613555259685
SQUIRLS	1.0	1.0	0.14705882352941177	0.278	0.639	0.639	15	0	97	87	0	0	102	97	102	97	0.256	0.256	199	112	0	0.0	1.0	0.5628140703517588	0.563	0.7203355569031736	0.7670555002414311
MaxEntScan	0.49019607843137253	0.7319587628865979	0.24509803921568626	-0.026	0.487	0.487	25	26	71	77	0	0	102	97	102	97	0.327	0.327	199	96	0	0.0	1.0	0.4824120603015075	0.482	0.5151607034566404	0.49436054151679387
SpliceAI	1.0	1.0	0.49504950495049505	0.57	0.7849999999999999	0.781	50	0	97	51	1	0	101	97	102	97	0.662	0.659	199	147	1	0.005025125628140704	0.9949748743718593	0.7424242424242424	0.739	0.7765642543635807	0.8407355764616421
CI-SpliceAI	1.0	1.0	0.28431372549019607	0.403	0.7015	0.702	29	0	97	73	0	0	102	97	102	97	0.443	0.443	199	126	0	0.0	1.0	0.6331658291457286	0.633	0.6732363048312109	0.7801648113461107
Pangolin	1.0	1.0	0.49019607843137253	0.565	0.7825	0.782	50	0	97	52	0	0	102	97	102	97	0.658	0.658	199	147	0	0.0	1.0	0.7386934673366834	0.739	0.7346876895087933	0.8209412333597661
SPiP	1.0	1.0	0.058823529411764705	0.172	0.586	0.586	6	0	97	96	0	0	102	97	102	97	0.111	0.111	199	103	0	0.0	1.0	0.5175879396984925	0.518	0.5990499292500505	0.7230842132090527
PDIVAS	1.0	1.0	0.5252525252525253	0.146	0.573	0.291	52	0	2	47	3	95	99	2	102	97	0.689	0.35	199	54	98	0.49246231155778897	0.507537688442211	0.5346534653465347	0.271		
