tool	precision	specificity	sensitivity	mcc	norm_mcc	weighted_norm_mcc	tp	fp	tn	fn	mp	mn	scored_p	scored_n	total_p	total_n	F1	weighted_F1	total	correct	nan	fraction_nan	coverage	accuracy	weighted_accuracy
SQUIRLS	0.0	1.0	0.0	0.0	0.5	0.459	0	0	76	2	0	7	2	76	2	83	0.0	0.0	85	76	7	0.08235294117647059	0.9176470588235294	0.9743589743589743	0.894
SpliceAI	0.25	0.9583333333333334	0.5	0.329	0.6645	0.579	1	3	69	1	0	11	2	72	2	83	0.333	0.29	85	70	11	0.12941176470588237	0.8705882352941177	0.9459459459459459	0.824
Pangolin	0.0	0.9393939393939394	0.0	0.0	0.5	0.194	0	2	31	0	2	50	0	33	2	83	0.0	0.0	85	31	52	0.611764705882353	0.38823529411764707	0.9393939393939394	0.365
