tool	precision	specificity	sensitivity	mcc	norm_mcc	weighted_norm_mcc	tp	fp	tn	fn	mp	mn	scored_p	scored_n	total_p	total_n	F1	weighted_F1	total	correct	nan	fraction_nan	coverage	accuracy	weighted_accuracy
SQUIRLS	0.0	1.0	0.0	0.0	0.5	0.492	0	0	63	2	0	1	2	63	2	64	0.0	0.0	66	63	1	0.015151515151515152	0.9848484848484849	0.9692307692307692	0.955
SpliceAI	0.3333333333333333	0.9682539682539683	0.5	0.385	0.6925	0.682	1	2	61	1	0	1	2	63	2	64	0.4	0.394	66	62	1	0.015151515151515152	0.9848484848484849	0.9538461538461539	0.939
Pangolin	0.0	0.96	0.0	0.0	0.5	0.189	0	1	24	0	2	39	0	25	2	64	0.0	0.0	66	24	41	0.6212121212121212	0.3787878787878788	0.96	0.364
