tool	weighted_accuracy	accuracy	weighted_F1	F1	coverage	specificity	sensitivity	precision	mcc	norm_mcc	weighted_norm_mcc
SQUIRLS	0.955	0.9692307692307692	0.0	0.0	0.9848484848484849	1.0	0.0	0.0	0.0	0.5	0.492
SpliceAI	0.939	0.9538461538461539	0.394	0.4	0.9848484848484849	0.9682539682539683	0.5	0.3333333333333333	0.385	0.6925	0.682
Pangolin	0.364	0.96	0.0	0.0	0.3787878787878788	0.96	0.0	0.0	0.0	0.5	0.189
AlphaGenome	0.0	0.0	0.0	0.0	0.0	0.0	0.0	0.0	0.0	0.5	0.0
