tool	precision	specificity	sensitivity	mcc	norm_mcc	weighted_norm_mcc	tp	fp	tn	fn	mp	mn	scored_p	scored_n	total_p	total_n	F1	weighted_F1	total	correct	nan	fraction_nan	coverage	accuracy	weighted_accuracy
SQUIRLS	0.0	1.0	0.0	0.0	0.5	0.49	0	0	49	2	0	1	2	49	2	50	0.0	0.0	52	49	1	0.019230769230769232	0.9807692307692307	0.9607843137254902	0.942
SpliceAI	0.3333333333333333	0.9591836734693877	0.5	0.379	0.6895	0.676	1	2	47	1	0	1	2	49	2	50	0.4	0.392	52	48	1	0.019230769230769232	0.9807692307692307	0.9411764705882353	0.923
Pangolin	0.0	0.9523809523809523	0.0	0.0	0.5	0.202	0	1	20	0	2	29	0	21	2	50	0.0	0.0	52	20	31	0.5961538461538461	0.40384615384615385	0.9523809523809523	0.385
