tool	precision	specificity	sensitivity	mcc	norm_mcc	weighted_norm_mcc	tp	fp	tn	fn	mp	mn	scored_p	scored_n	total_p	total_n	F1	weighted_F1	total	correct	nan	fraction_nan	coverage	accuracy	weighted_accuracy
SQUIRLS	0.0	1.0	0.0	0.0	0.5	0.461	0	0	57	2	0	5	2	57	2	62	0.0	0.0	64	57	5	0.078125	0.921875	0.9661016949152542	0.891
SpliceAI	0.25	0.9464285714285714	0.5	0.321	0.6605	0.599	1	3	53	1	0	6	2	56	2	62	0.333	0.302	64	54	6	0.09375	0.90625	0.9310344827586207	0.844
Pangolin	0.0	0.9285714285714286	0.0	0.0	0.5	0.219	0	2	26	0	2	34	0	28	2	62	0.0	0.0	64	26	36	0.5625	0.4375	0.9285714285714286	0.406
