tool	precision	specificity	sensitivity	mcc	norm_mcc	weighted_norm_mcc	tp	fp	tn	fn	mp	mn	scored_p	scored_n	total_p	total_n	F1	weighted_F1	total	correct	nan	fraction_nan	coverage	accuracy	weighted_accuracy	auROC	auPRC
CADD_v1.5	0.0	1.0	0.0	0.0	0.5	0.5	0	0	103	99	0	0	99	103	99	103	0.0	0.0	202	103	0	0.0	1.0	0.5099009900990099	0.51	0.6219476316563696	0.6826772348310649
SQUIRLS	0.9411764705882353	0.9902912621359223	0.16161616161616163	0.274	0.637	0.637	16	1	102	83	0	0	99	103	99	103	0.276	0.276	202	118	0	0.0	1.0	0.5841584158415841	0.584	0.715210355987055	0.7217042987880808
MaxEntScan	0.46	0.7378640776699029	0.23232323232323232	-0.035	0.4825	0.482	23	27	76	76	0	0	99	103	99	103	0.309	0.309	202	99	0	0.0	1.0	0.4900990099009901	0.49	0.5169167402177111	0.4730057792725744
SpliceAI	1.0	1.0	0.5204081632653061	0.598	0.7989999999999999	0.795	51	0	103	47	1	0	98	103	99	103	0.685	0.681	202	154	1	0.0049504950495049506	0.995049504950495	0.7661691542288557	0.762	0.7823459480879731	0.8367161265497267
CI-SpliceAI	1.0	1.0	0.30303030303030304	0.426	0.713	0.713	30	0	103	69	0	0	99	103	99	103	0.465	0.465	202	133	0	0.0	1.0	0.6584158415841584	0.658	0.6998136706874571	0.7834177602444634
Pangolin	1.0	1.0	0.5151515151515151	0.593	0.7965	0.796	51	0	103	48	0	0	99	103	99	103	0.68	0.68	202	154	0	0.0	1.0	0.7623762376237624	0.762	0.764244385603609	0.827851216331708
SPiP	1.0	1.0	0.06060606060606061	0.178	0.589	0.589	6	0	103	93	0	0	99	103	99	103	0.114	0.114	202	109	0	0.0	1.0	0.5396039603960396	0.54	0.6377365891928999	0.7331819969532669
PDIVAS	1.0	1.0	0.5408163265306123	0.152	0.576	0.285	53	0	2	45	1	101	98	2	99	103	0.702	0.348	202	55	102	0.504950495049505	0.49504950495049505	0.55	0.272		
