tool	precision	specificity	sensitivity	mcc	norm_mcc	weighted_norm_mcc	tp	fp	tn	fn	mp	mn	scored_p	scored_n	total_p	total_n	F1	weighted_F1	total	correct	nan	fraction_nan	coverage	accuracy	weighted_accuracy	auROC	auPRC
CADD_v1.5	0.0	1.0	0.0	0.0	0.5	0.5	0	0	97	98	0	0	98	97	98	97	0.0	0.0	195	97	0	0.0	1.0	0.49743589743589745	0.497	0.6398064380391333	0.7102613555259685
SQUIRLS	1.0	1.0	0.15306122448979592	0.287	0.6435	0.644	15	0	97	83	0	0	98	97	98	97	0.265	0.265	195	112	0	0.0	1.0	0.5743589743589743	0.574	0.7406900904691774	0.7778213746245686
MaxEntScan	0.46938775510204084	0.7319587628865979	0.23469387755102042	-0.038	0.481	0.481	23	26	71	75	0	0	98	97	98	97	0.313	0.313	195	94	0	0.0	1.0	0.48205128205128206	0.482	0.5158847043972228	0.48416228620404655
SpliceAI	1.0	1.0	0.5154639175257731	0.589	0.7945	0.79	50	0	97	47	1	0	97	97	98	97	0.68	0.677	195	147	1	0.005128205128205128	0.9948717948717949	0.7577319587628866	0.754	0.7757466255712615	0.8361341035690529
CI-SpliceAI	1.0	1.0	0.29591836734693877	0.416	0.708	0.708	29	0	97	69	0	0	98	97	98	97	0.457	0.457	195	126	0	0.0	1.0	0.6461538461538462	0.646	0.6887229118451504	0.7831502189553486
Pangolin	1.0	1.0	0.5102040816326531	0.584	0.792	0.792	50	0	97	48	0	0	98	97	98	97	0.676	0.676	195	147	0	0.0	1.0	0.7538461538461538	0.754	0.7606774668630338	0.8293148680902038
SPiP	1.0	1.0	0.061224489795918366	0.177	0.5885	0.588	6	0	97	92	0	0	98	97	98	97	0.115	0.115	195	103	0	0.0	1.0	0.5282051282051282	0.528	0.6239217336419104	0.7328077080298164
PDIVAS	1.0	1.0	0.5360824742268041	0.151	0.5755	0.292	52	0	2	45	1	95	97	2	98	97	0.698	0.354	195	54	96	0.49230769230769234	0.5076923076923077	0.5454545454545454	0.277		
