tool	weighted_accuracy	accuracy	weighted_F1	F1	coverage	specificity	sensitivity	precision	mcc	norm_mcc	weighted_norm_mcc
SpliceAI	0.762	0.7661691542288557	0.681	0.685	0.995049504950495	1.0	0.5204081632653061	1.0	0.598	0.7989999999999999	0.795
Pangolin	0.762	0.7623762376237624	0.68	0.68	1.0	1.0	0.5151515151515151	1.0	0.593	0.7965	0.796
CI-SpliceAI	0.658	0.6584158415841584	0.465	0.465	1.0	1.0	0.30303030303030304	1.0	0.426	0.713	0.713
SQUIRLS	0.584	0.5841584158415841	0.276	0.276	1.0	0.9902912621359223	0.16161616161616163	0.9411764705882353	0.274	0.637	0.637
SPiP	0.54	0.5396039603960396	0.114	0.114	1.0	1.0	0.06060606060606061	1.0	0.178	0.589	0.589
CADD_v1.5	0.51	0.5099009900990099	0.0	0.0	1.0	1.0	0.0	0.0	0.0	0.5	0.5
MaxEntScan	0.49	0.4900990099009901	0.309	0.309	1.0	0.7378640776699029	0.23232323232323232	0.46	-0.035	0.4825	0.482
PDIVAS	0.272	0.55	0.348	0.702	0.49504950495049505	1.0	0.5408163265306123	1.0	0.152	0.576	0.285
