tool	precision	specificity	sensitivity	mcc	norm_mcc	weighted_norm_mcc	tp	fp	tn	fn	mp	mn	scored_p	scored_n	total_p	total_n	F1	weighted_F1	total	correct	nan	fraction_nan	coverage	accuracy	weighted_accuracy	auROC	auPRC
CADD_v1.5	0.0	1.0	0.0	0.0	0.5	0.5	0	0	50	48	0	0	48	50	48	50	0.0	0.0	98	50	0	0.0	1.0	0.5102040816326531	0.51	0.49333333333333335	0.5419275955985313
SQUIRLS	1.0	1.0	0.0625	0.181	0.5905	0.59	3	0	50	45	0	0	48	50	48	50	0.118	0.118	98	53	0	0.0	1.0	0.5408163265306123	0.541	0.6220833333333332	0.6295821969424295
MaxEntScan	0.4782608695652174	0.76	0.22916666666666666	-0.013	0.4935	0.494	11	12	38	37	0	0	48	50	48	50	0.31	0.31	98	49	0	0.0	1.0	0.5	0.5	0.4629166666666667	0.44052991858933443
SpliceAI	1.0	1.0	0.23404255319148937	0.369	0.6845	0.678	11	0	50	36	1	0	47	50	48	50	0.379	0.375	98	61	1	0.01020408163265306	0.9897959183673469	0.6288659793814433	0.622	0.5446808510638297	0.6541911690929231
CI-SpliceAI	1.0	1.0	0.16666666666666666	0.304	0.652	0.652	8	0	50	40	0	0	48	50	48	50	0.286	0.286	98	58	0	0.0	1.0	0.5918367346938775	0.592	0.4033333333333333	0.5733065324654819
Pangolin	1.0	1.0	0.22916666666666666	0.363	0.6815	0.682	11	0	50	37	0	0	48	50	48	50	0.373	0.373	98	61	0	0.0	1.0	0.6224489795918368	0.622	0.45541666666666664	0.6129668557161969
SPiP	1.0	1.0	0.041666666666666664	0.147	0.5735	0.574	2	0	50	46	0	0	48	50	48	50	0.08	0.08	98	52	0	0.0	1.0	0.5306122448979592	0.531	0.3725	0.5195474460978795
PDIVAS	1.0	1.0	0.22916666666666666	0.108	0.554	0.283	11	0	2	37	0	48	48	2	48	50	0.373	0.19	98	13	48	0.4897959183673469	0.5102040816326531	0.26	0.133		
