tool	precision	specificity	sensitivity	mcc	norm_mcc	weighted_norm_mcc	tp	fp	tn	fn	mp	mn	scored_p	scored_n	total_p	total_n	F1	weighted_F1	total	correct	nan	fraction_nan	coverage	accuracy	weighted_accuracy	auROC	auPRC
CADD_v1.5	0.0	1.0	0.0	0.0	0.5	0.5	0	0	54	50	0	0	50	54	50	54	0.0	0.0	104	54	0	0.0	1.0	0.5192307692307693	0.519	0.5011111111111111	0.533467676763993
SQUIRLS	0.8	0.9814814814814815	0.08	0.144	0.572	0.572	4	1	53	46	0	0	50	54	50	54	0.145	0.145	104	57	0	0.0	1.0	0.5480769230769231	0.548	0.6122222222222222	0.5858306037001766
MaxEntScan	0.4782608695652174	0.7777777777777778	0.22	-0.003	0.4985	0.498	11	12	42	39	0	0	50	54	50	54	0.301	0.301	104	53	0	0.0	1.0	0.5096153846153846	0.51	0.4733333333333333	0.437186939955202
SpliceAI	1.0	1.0	0.24489795918367346	0.381	0.6905	0.684	12	0	54	37	1	0	49	54	50	54	0.393	0.39	104	66	1	0.009615384615384616	0.9903846153846154	0.6407766990291263	0.635	0.5506424792139079	0.6537678981015871
CI-SpliceAI	1.0	1.0	0.18	0.32	0.66	0.66	9	0	54	41	0	0	50	54	50	54	0.305	0.305	104	63	0	0.0	1.0	0.6057692307692307	0.606	0.4148148148148148	0.5778636547738386
Pangolin	1.0	1.0	0.24	0.375	0.6875	0.688	12	0	54	38	0	0	50	54	50	54	0.387	0.387	104	66	0	0.0	1.0	0.6346153846153846	0.635	0.4833333333333333	0.6265465298194757
SPiP	1.0	1.0	0.04	0.146	0.573	0.573	2	0	54	48	0	0	50	54	50	54	0.077	0.077	104	56	0	0.0	1.0	0.5384615384615384	0.538	0.3996296296296296	0.5294924076572354
PDIVAS	1.0	1.0	0.24489795918367346	0.112	0.556	0.273	12	0	2	37	1	52	49	2	50	54	0.393	0.193	104	14	53	0.5096153846153846	0.49038461538461536	0.27450980392156865	0.135		
