tool	precision	specificity	sensitivity	mcc	norm_mcc	weighted_norm_mcc	tp	fp	tn	fn	mp	mn	scored_p	scored_n	total_p	total_n	F1	weighted_F1	total	correct	nan	fraction_nan	coverage	accuracy	weighted_accuracy	auROC	auPRC
CADD_v1.5	0.0	1.0	0.0	0.0	0.5	0.48	0	0	21	52	3	0	52	21	55	21	0.0	0.0	76	21	3	0.039473684210526314	0.9605263157894737	0.2876712328767123	0.276		
SQUIRLS	0.8333333333333334	0.9523809523809523	0.09090909090909091	0.072	0.536	0.536	5	1	20	50	0	0	55	21	55	21	0.164	0.164	76	25	0	0.0	1.0	0.32894736842105265	0.329		
MaxEntScan	0.7222222222222222	0.7619047619047619	0.23636363636363636	-0.002	0.499	0.499	13	5	16	42	0	0	55	21	55	21	0.356	0.356	76	29	0	0.0	1.0	0.3815789473684211	0.382	0.49004329004329	0.718183968320846
SpliceAI	1.0	1.0	0.4074074074074074	0.402	0.7010000000000001	0.692	22	0	21	32	1	0	54	21	55	21	0.579	0.571	76	43	1	0.013157894736842105	0.9868421052631579	0.5733333333333334	0.566	0.6781305114638448	0.8636843069225569
CI-SpliceAI	1.0	1.0	0.2545454545454545	0.294	0.647	0.647	14	0	21	41	0	0	55	21	55	21	0.406	0.406	76	35	0	0.0	1.0	0.4605263157894737	0.461	0.49696969696969695	0.801150931068489
Pangolin	1.0	1.0	0.45454545454545453	0.433	0.7165	0.716	25	0	21	30	0	0	55	21	55	21	0.625	0.625	76	46	0	0.0	1.0	0.6052631578947368	0.605	0.5783549783549784	0.8374301054413669
SPiP	1.0	1.0	0.03636363636363636	0.102	0.551	0.551	2	0	21	53	0	0	55	21	55	21	0.07	0.07	76	23	0	0.0	1.0	0.3026315789473684	0.303		
PDIVAS	1.0	1.0	0.4528301886792453	0.171	0.5855	0.424	24	0	2	29	2	19	53	2	55	21	0.623	0.451	76	26	21	0.27631578947368424	0.7236842105263158	0.4727272727272727	0.342	0.7830188679245282	0.9706593401640272
