tool	precision	specificity	sensitivity	mcc	norm_mcc	weighted_norm_mcc	tp	fp	tn	fn	mp	mn	scored_p	scored_n	total_p	total_n	F1	weighted_F1	total	correct	nan	fraction_nan	coverage	accuracy	weighted_accuracy	auROC	auPRC
CADD_v1.5	0.0	1.0	0.0	0.0	0.5	0.487	0	0	7	30	1	0	30	7	31	7	0.0	0.0	38	7	1	0.02631578947368421	0.9736842105263158	0.1891891891891892	0.184		
SQUIRLS	1.0	1.0	0.2903225806451613	0.265	0.6325000000000001	0.633	9	0	7	22	0	0	31	7	31	7	0.45	0.45	38	16	0	0.0	1.0	0.42105263157894735	0.421		
MaxEntScan	0.8181818181818182	0.7142857142857143	0.2903225806451613	0.004	0.502	0.502	9	2	5	22	0	0	31	7	31	7	0.429	0.429	38	14	0	0.0	1.0	0.3684210526315789	0.368		
SpliceAI	1.0	1.0	0.7419354838709677	0.588	0.794	0.794	23	0	7	8	0	0	31	7	31	7	0.852	0.852	38	30	0	0.0	1.0	0.7894736842105263	0.789		
CI-SpliceAI	1.0	1.0	0.45161290322580644	0.363	0.6815	0.682	14	0	7	17	0	0	31	7	31	7	0.622	0.622	38	21	0	0.0	1.0	0.5526315789473685	0.553		
Pangolin	1.0	1.0	0.6451612903225806	0.501	0.7505	0.75	20	0	7	11	0	0	31	7	31	7	0.784	0.784	38	27	0	0.0	1.0	0.7105263157894737	0.711		
SPiP	1.0	1.0	0.03225806451612903	0.078	0.539	0.539	1	0	7	30	0	0	31	7	31	7	0.062	0.062	38	8	0	0.0	1.0	0.21052631578947367	0.211		
PDIVAS	1.0	0.0	0.7666666666666667	0.0	0.5	0.395	23	0	0	7	1	7	30	0	31	7	0.868	0.685	38	23	8	0.21052631578947367	0.7894736842105263	0.7666666666666667	0.605		
