tool	weighted_accuracy	accuracy	weighted_F1	F1	coverage	specificity	sensitivity	precision	mcc	norm_mcc	weighted_norm_mcc
SQUIRLS	0.905	1.0	0	0	0.9047619047619048	1.0	0	0	0.0	0.5	0.452
SpliceAI	0.762	1.0	0	0	0.7619047619047619	1.0	0	0	0.0	0.5	0.381
Pangolin	0.238	1.0	0	0	0.23809523809523808	1.0	0	0	0.0	0.5	0.119
AlphaGenome	0.0	0.0	0	0	0.0	0.0	0	0	0.0	0.5	0.0
