tool	precision	specificity	sensitivity	mcc	norm_mcc	weighted_norm_mcc	tp	fp	tn	fn	mp	mn	scored_p	scored_n	total_p	total_n	F1	weighted_F1	total	correct	nan	fraction_nan	coverage	accuracy	weighted_accuracy	auROC	auPRC
SQUIRLS	0.24550898203592814	0.6358381502890174	0.8541666666666666	0.324	0.662	0.662	41	126	220	7	0	0	48	346	48	346	0.381	0.381	394	261	0	0.0	1.0	0.6624365482233503	0.662	0.7726396917148362	0.23131934288195577
SpliceAI	0.2413793103448276	0.6129032258064516	0.875	0.323	0.6615	0.653	42	132	209	6	0	5	48	341	48	346	0.378	0.374	394	251	5	0.012690355329949238	0.9873096446700508	0.6452442159383034	0.637	0.770588954056696	0.22599875527606267
Pangolin	0.26993865030674846	0.652046783625731	0.9166666666666666	0.379	0.6895	0.682	44	119	223	4	0	4	48	342	48	346	0.417	0.413	394	267	4	0.01015228426395939	0.9898477157360406	0.6846153846153846	0.678	0.8145102339181287	0.2636379982980933
AlphaGenome	0.5714285714285714	0.9808306709265175	0.22857142857142856	0.321	0.6605	0.583	8	6	307	27	13	33	35	313	48	346	0.327	0.288	394	315	46	0.116751269035533	0.883248730964467	0.9051724137931034	0.799	0.5010497489730716	0.19998188356004407
