tool	precision	specificity	sensitivity	mcc	norm_mcc	weighted_norm_mcc	tp	fp	tn	fn	mp	mn	scored_p	scored_n	total_p	total_n	F1	weighted_F1	total	correct	nan	fraction_nan	coverage	accuracy	weighted_accuracy	auROC	auPRC
SQUIRLS	0.26547085201793724	0.779245283018868	0.8554913294797688	0.397	0.6985	0.698	296	819	2891	50	0	0	346	3710	346	3710	0.405	0.405	4056	3187	0	0.0	1.0	0.7857495069033531	0.786	0.8408573921443374	0.2957621104320905
SpliceAI	0.2712022367194781	0.7863971592461076	0.8533724340175953	0.403	0.7015	0.692	291	782	2879	50	5	49	341	3661	346	3710	0.412	0.406	4056	3170	54	0.013313609467455622	0.9866863905325444	0.792103948025987	0.782	0.8632783056085346	0.29627395000105494
Pangolin	0.2954070981210856	0.8170731707317073	0.8202898550724638	0.419	0.7095	0.706	283	675	3015	62	1	20	345	3690	346	3710	0.434	0.432	4056	3298	21	0.005177514792899409	0.9948224852071006	0.8173482032218091	0.813	0.8657256195750364	0.31952366809889277
AlphaGenome	0.5379746835443038	0.9787357995921934	0.34	0.396	0.698	0.634	85	73	3360	165	96	277	250	3433	346	3710	0.417	0.378	4056	3445	373	0.09196252465483234	0.9080374753451677	0.9353787673092587	0.849	0.558784736382173	0.22401367651012982
