tool	precision	specificity	sensitivity	mcc	norm_mcc	weighted_norm_mcc	tp	fp	tn	fn	mp	mn	scored_p	scored_n	total_p	total_n	F1	weighted_F1	total	correct	nan	fraction_nan	coverage	accuracy	weighted_accuracy
SQUIRLS	0.2	0.9604938271604938	0.4	0.258	0.629	0.629	4	16	389	6	0	0	10	405	10	405	0.267	0.267	415	393	0	0.0	1.0	0.946987951807229	0.947
SpliceAI	0.0967741935483871	0.9306930693069307	0.3	0.135	0.5675	0.566	3	28	376	7	0	1	10	404	10	405	0.146	0.146	415	379	1	0.0024096385542168677	0.9975903614457832	0.9154589371980676	0.913
Pangolin	0.13043478260869565	0.9493670886075949	0.3333333333333333	0.18	0.59	0.574	3	20	375	6	1	10	9	395	10	405	0.188	0.183	415	378	11	0.02650602409638554	0.9734939759036144	0.9356435643564357	0.911
