tool	precision	specificity	sensitivity	mcc	norm_mcc	weighted_norm_mcc	tp	fp	tn	fn	mp	mn	scored_p	scored_n	total_p	total_n	F1	weighted_F1	total	correct	nan	fraction_nan	coverage	accuracy	weighted_accuracy
SQUIRLS	0.21568627450980393	0.738562091503268	1.0	0.399	0.6995	0.7	11	40	113	0	0	0	11	153	11	153	0.355	0.355	164	124	0	0.0	1.0	0.7560975609756098	0.756
SpliceAI	0.2037037037037037	0.7133333333333334	1.0	0.381	0.6905	0.678	11	43	107	0	0	3	11	150	11	153	0.338	0.332	164	118	3	0.018292682926829267	0.9817073170731707	0.7329192546583851	0.72
Pangolin	0.22448979591836735	0.7516339869281046	1.0	0.411	0.7055	0.706	11	38	115	0	0	0	11	153	11	153	0.367	0.367	164	126	0	0.0	1.0	0.7682926829268293	0.768
AlphaGenome	0.25	0.9797297297297297	0.125	0.146	0.573	0.545	1	3	145	7	3	5	8	148	11	153	0.167	0.159	164	146	8	0.04878048780487805	0.9512195121951219	0.9358974358974359	0.89
