tool	precision	specificity	sensitivity	mcc	norm_mcc	weighted_norm_mcc	tp	fp	tn	fn	mp	mn	scored_p	scored_n	total_p	total_n	F1	weighted_F1	total	correct	nan	fraction_nan	coverage	accuracy	weighted_accuracy	auROC	auPRC
SQUIRLS	0.3551587301587302	0.0	1.0	0.0	0.5	0.5	179	325	0	0	0	0	179	325	179	325	0.524	0.524	504	179	0	0.0	1.0	0.3551587301587302	0.355	0.5540868070477009	0.4026718169760992
SpliceAI	0.36024844720496896	0.006430868167202572	1.0	0.048	0.524	0.504	174	309	2	0	5	14	174	311	179	325	0.53	0.51	504	176	19	0.037698412698412696	0.9623015873015873	0.3628865979381443	0.349	0.4312377573271242	0.32481045826895105
Pangolin	0.3527054108216433	0.006153846153846154	0.9832402234636871	-0.051	0.4745	0.474	176	323	2	3	0	0	179	325	179	325	0.519	0.519	504	178	0	0.0	1.0	0.3531746031746032	0.353	0.522595616673829	0.38128729616707857
