tool	precision	specificity	sensitivity	mcc	norm_mcc	weighted_norm_mcc	tp	fp	tn	fn	mp	mn	scored_p	scored_n	total_p	total_n	F1	weighted_F1	total	correct	nan	fraction_nan	coverage	accuracy	weighted_accuracy
SQUIRLS	0.0	0.8823529411764706	0.0	-0.118	0.441	0.441	0	2	15	2	0	0	2	17	2	17	0.0	0.0	19	15	0	0.0	1.0	0.7894736842105263	0.789
SpliceAI	0.4	0.8125	1.0	0.57	0.7849999999999999	0.744	2	3	13	0	0	1	2	16	2	17	0.571	0.541	19	15	1	0.05263157894736842	0.9473684210526315	0.8333333333333334	0.789
Pangolin	0.4	0.8125	1.0	0.57	0.7849999999999999	0.744	2	3	13	0	0	1	2	16	2	17	0.571	0.541	19	15	1	0.05263157894736842	0.9473684210526315	0.8333333333333334	0.789
AlphaGenome	0.2	0.75	0.5	0.175	0.5875	0.557	1	4	12	1	0	1	2	16	2	17	0.286	0.271	19	13	1	0.05263157894736842	0.9473684210526315	0.7222222222222222	0.684
