tool	precision	specificity	sensitivity	mcc	norm_mcc	weighted_norm_mcc	tp	fp	tn	fn	mp	mn	scored_p	scored_n	total_p	total_n	F1	weighted_F1	total	correct	nan	fraction_nan	coverage	accuracy	weighted_accuracy
SQUIRLS	0.3333333333333333	0.5	1.0	0.408	0.704	0.704	5	10	10	0	0	0	5	20	5	20	0.5	0.5	25	15	0	0.0	1.0	0.6	0.6
SpliceAI	0.4166666666666667	0.65	1.0	0.52	0.76	0.76	5	7	13	0	0	0	5	20	5	20	0.588	0.588	25	18	0	0.0	1.0	0.72	0.72
Pangolin	0.45454545454545453	0.7	1.0	0.564	0.782	0.782	5	6	14	0	0	0	5	20	5	20	0.625	0.625	25	19	0	0.0	1.0	0.76	0.76
AlphaGenome	1.0	1.0	0.75	0.844	0.9219999999999999	0.848	3	0	19	1	1	1	4	19	5	20	0.857	0.789	25	22	2	0.08	0.92	0.9565217391304348	0.88
