tool	weighted_accuracy	accuracy	weighted_F1	F1	coverage	specificity	sensitivity	precision	mcc	norm_mcc	weighted_norm_mcc
AlphaGenome	0.88	0.9565217391304348	0.789	0.857	0.92	1.0	0.75	1.0	0.844	0.9219999999999999	0.848
Pangolin	0.76	0.76	0.625	0.625	1.0	0.7	1.0	0.45454545454545453	0.564	0.782	0.782
SpliceAI	0.72	0.72	0.588	0.588	1.0	0.65	1.0	0.4166666666666667	0.52	0.76	0.76
SQUIRLS	0.6	0.6	0.5	0.5	1.0	0.5	1.0	0.3333333333333333	0.408	0.704	0.704
