tool	weighted_accuracy	accuracy	weighted_F1	F1	coverage	specificity	sensitivity	precision	mcc	norm_mcc	weighted_norm_mcc
Pangolin	0.923	0.9252024773701762	0.289	0.29	0.9976235741444867	0.9390363815142576	0.49230769230769234	0.20512820512820512	0.285	0.6425	0.641
AlphaGenome	0.898	0.9588832487309644	0.348	0.372	0.9363117870722434	0.9779758783429471	0.38095238095238093	0.36363636363636365	0.351	0.6755	0.632
SpliceAI	0.877	0.8879268879268879	0.243	0.246	0.9881178707224335	0.8977159880834161	0.5846153846153846	0.1557377049180328	0.261	0.6305000000000001	0.623
SQUIRLS	0.865	0.8645437262357415	0.223	0.223	1.0	0.8719960765080922	0.6307692307692307	0.1357615894039735	0.248	0.624	0.624
