tool	weighted_accuracy	accuracy	weighted_F1	F1	coverage	specificity	sensitivity	precision	mcc	norm_mcc	weighted_norm_mcc
AlphaGenome	0.952	0.9801488833746899	0.194	0.2	0.9710843373493976	1.0	0.1111111111111111	1.0	0.33	0.665	0.646
SQUIRLS	0.947	0.946987951807229	0.267	0.267	1.0	0.9604938271604938	0.4	0.2	0.258	0.629	0.629
SpliceAI	0.913	0.9154589371980676	0.146	0.146	0.9975903614457832	0.9306930693069307	0.3	0.0967741935483871	0.135	0.5675	0.566
Pangolin	0.911	0.9356435643564357	0.183	0.188	0.9734939759036144	0.9493670886075949	0.3333333333333333	0.13043478260869565	0.18	0.59	0.574
