tool	weighted_accuracy	accuracy	weighted_F1	F1	coverage	specificity	sensitivity	precision	mcc	norm_mcc	weighted_norm_mcc
SQUIRLS	0.789	0.7894736842105263	0.0	0.0	1.0	0.8823529411764706	0.0	0.0	-0.118	0.441	0.441
SpliceAI	0.789	0.8333333333333334	0.541	0.571	0.9473684210526315	0.8125	1.0	0.4	0.57	0.7849999999999999	0.744
Pangolin	0.789	0.8333333333333334	0.541	0.571	0.9473684210526315	0.8125	1.0	0.4	0.57	0.7849999999999999	0.744
