tool	weighted_accuracy	accuracy	weighted_F1	F1	coverage	specificity	sensitivity	precision	mcc	norm_mcc	weighted_norm_mcc
SQUIRLS	0.355	0.3551587301587302	0.524	0.524	1.0	0.0	1.0	0.3551587301587302	0.0	0.5	0.5
Pangolin	0.353	0.3531746031746032	0.519	0.519	1.0	0.006153846153846154	0.9832402234636871	0.3527054108216433	-0.051	0.4745	0.474
SpliceAI	0.349	0.3628865979381443	0.51	0.53	0.9623015873015873	0.006430868167202572	1.0	0.36024844720496896	0.048	0.524	0.504
