tool	weighted_accuracy	accuracy	weighted_F1	F1	coverage	specificity	sensitivity	precision	mcc	norm_mcc	weighted_norm_mcc
AlphaGenome	0.923	0.9230769230769231	0.667	0.667	1.0	0.9166666666666666	1.0	0.5	0.677	0.8385	0.838
SQUIRLS	0.462	0.46153846153846156	0.222	0.222	1.0	0.4166666666666667	1.0	0.125	0.228	0.614	0.614
SpliceAI	0.385	0.38461538461538464	0.2	0.2	1.0	0.3333333333333333	1.0	0.1111111111111111	0.192	0.596	0.596
Pangolin	0.231	0.23076923076923078	0.167	0.167	1.0	0.16666666666666666	1.0	0.09090909090909091	0.123	0.5615	0.562
