tool	weighted_accuracy	accuracy	weighted_F1	F1	coverage	specificity	sensitivity	precision	mcc	norm_mcc	weighted_norm_mcc
AlphaGenome	0.89	0.9358974358974359	0.159	0.167	0.9512195121951219	0.9797297297297297	0.125	0.25	0.146	0.573	0.545
Pangolin	0.768	0.7682926829268293	0.367	0.367	1.0	0.7516339869281046	1.0	0.22448979591836735	0.411	0.7055	0.706
SQUIRLS	0.756	0.7560975609756098	0.355	0.355	1.0	0.738562091503268	1.0	0.21568627450980393	0.399	0.6995	0.7
SpliceAI	0.72	0.7329192546583851	0.332	0.338	0.9817073170731707	0.7133333333333334	1.0	0.2037037037037037	0.381	0.6905	0.678
