tool	weighted_accuracy	accuracy	weighted_F1	F1	coverage	specificity	sensitivity	precision	mcc	norm_mcc	weighted_norm_mcc
Pangolin	0.813	0.8173482032218091	0.432	0.434	0.9948224852071006	0.8170731707317073	0.8202898550724638	0.2954070981210856	0.419	0.7095	0.706
SQUIRLS	0.786	0.7857495069033531	0.405	0.405	1.0	0.779245283018868	0.8554913294797688	0.26547085201793724	0.397	0.6985	0.698
SpliceAI	0.782	0.792103948025987	0.406	0.412	0.9866863905325444	0.7863971592461076	0.8533724340175953	0.2712022367194781	0.403	0.7015	0.692
