tool	weighted_accuracy	accuracy	weighted_F1	F1	coverage	specificity	sensitivity	precision	mcc	norm_mcc	weighted_norm_mcc
Pangolin	0.886	0.8859649122807017	0.871	0.871	1.0	1.0	0.7719298245614035	1.0	0.793	0.8965000000000001	0.897
SpliceAI	0.877	0.8849557522123894	0.861	0.869	0.9912280701754386	1.0	0.7678571428571429	1.0	0.791	0.8955	0.888
CI-SpliceAI	0.719	0.7192982456140351	0.61	0.61	1.0	1.0	0.43859649122807015	1.0	0.53	0.765	0.765
SQUIRLS	0.623	0.6228070175438597	0.411	0.411	1.0	0.9824561403508771	0.2631578947368421	0.9375	0.354	0.677	0.677
MaxEntScan	0.553	0.5526315789473685	0.4	0.4	1.0	0.8070175438596491	0.2982456140350877	0.6071428571428571	0.122	0.5609999999999999	0.561
SPiP	0.553	0.5526315789473685	0.19	0.19	1.0	1.0	0.10526315789473684	1.0	0.236	0.618	0.618
CADD_v1.5	0.5	0.5	0.0	0.0	1.0	1.0	0.0	0.0	0.0	0.5	0.5
PDIVAS	0.421	0.8135593220338984	0.462	0.893	0.5175438596491229	1.0	0.8070175438596491	1.0	0.352	0.6759999999999999	0.35
