tool	weighted_accuracy	accuracy	weighted_F1	F1	coverage	specificity	sensitivity	precision	mcc	norm_mcc	weighted_norm_mcc
Pangolin	0.889	0.8888888888888888	0.878	0.878	1.0	1.0	0.7818181818181819	1.0	0.798	0.899	0.899
SpliceAI	0.88	0.8878504672897196	0.867	0.875	0.9907407407407407	1.0	0.7777777777777778	1.0	0.796	0.898	0.89
CI-SpliceAI	0.713	0.7129629629629629	0.608	0.608	1.0	1.0	0.43636363636363634	1.0	0.525	0.7625	0.762
SQUIRLS	0.63	0.6296296296296297	0.429	0.429	1.0	1.0	0.2727272727272727	1.0	0.394	0.6970000000000001	0.697
MaxEntScan	0.546	0.5462962962962963	0.41	0.41	1.0	0.7924528301886793	0.3090909090909091	0.6071428571428571	0.116	0.558	0.558
SPiP	0.546	0.5462962962962963	0.197	0.197	1.0	1.0	0.10909090909090909	1.0	0.238	0.619	0.619
CADD_v1.5	0.491	0.49074074074074076	0.0	0.0	1.0	1.0	0.0	0.0	0.0	0.5	0.5
PDIVAS	0.435	0.8245614035087719	0.475	0.9	0.5277777777777778	1.0	0.8181818181818182	1.0	0.369	0.6845	0.361
