tool	precision	specificity	sensitivity	mcc	norm_mcc	weighted_norm_mcc	tp	fp	tn	fn	mp	mn	scored_p	scored_n	total_p	total_n	F1	weighted_F1	total	correct	nan	fraction_nan	coverage	accuracy	weighted_accuracy	auROC	auPRC
CADD_v1.5	0.0	1.0	0.0	0.0	0.5	0.473	0	0	21	31	3	0	31	21	34	21	0.0	0.0	55	21	3	0.05454545454545454	0.9454545454545454	0.40384615384615385	0.382		
SQUIRLS	0.6666666666666666	0.9523809523809523	0.058823529411764705	0.024	0.512	0.512	2	1	20	32	0	0	34	21	34	21	0.108	0.108	55	22	0	0.0	1.0	0.4	0.4		
MaxEntScan	0.6	0.8095238095238095	0.17647058823529413	-0.018	0.491	0.491	6	4	17	28	0	0	34	21	34	21	0.273	0.273	55	23	0	0.0	1.0	0.41818181818181815	0.418	0.46638655462184875	0.5817647633455069
SpliceAI	1.0	1.0	0.21212121212121213	0.308	0.654	0.642	7	0	21	26	1	0	33	21	34	21	0.35	0.344	55	28	1	0.01818181818181818	0.9818181818181818	0.5185185185185185	0.509		
CI-SpliceAI	1.0	1.0	0.17647058823529413	0.275	0.6375	0.638	6	0	21	28	0	0	34	21	34	21	0.3	0.3	55	27	0	0.0	1.0	0.4909090909090909	0.491		
Pangolin	1.0	1.0	0.23529411764705882	0.324	0.662	0.662	8	0	21	26	0	0	34	21	34	21	0.381	0.381	55	29	0	0.0	1.0	0.5272727272727272	0.527		
SPiP	1.0	1.0	0.058823529411764705	0.153	0.5765	0.576	2	0	21	32	0	0	34	21	34	21	0.111	0.111	55	23	0	0.0	1.0	0.41818181818181815	0.418		
PDIVAS	1.0	1.0	0.21212121212121213	0.123	0.5615	0.357	7	0	2	26	1	19	33	2	34	21	0.35	0.223	55	9	20	0.36363636363636365	0.6363636363636364	0.2571428571428571	0.164		
