tool	precision	specificity	sensitivity	mcc	norm_mcc	weighted_norm_mcc	tp	fp	tn	fn	mp	mn	scored_p	scored_n	total_p	total_n	F1	weighted_F1	total	correct	nan	fraction_nan	coverage	accuracy	weighted_accuracy	auROC	auPRC
CADD_v1.5	0.0	1.0	0.0	0.0	0.5	0.476	0	0	8	12	1	0	12	8	13	8	0.0	0.0	21	8	1	0.047619047619047616	0.9523809523809523	0.4	0.381		
SQUIRLS	1.0	1.0	0.15384615384615385	0.255	0.6275	0.628	2	0	8	11	0	0	13	8	13	8	0.267	0.267	21	10	0	0.0	1.0	0.47619047619047616	0.476		
MaxEntScan	0.6666666666666666	0.625	0.46153846153846156	0.085	0.5425	0.542	6	3	5	7	0	0	13	8	13	8	0.545	0.545	21	11	0	0.0	1.0	0.5238095238095238	0.524		
SpliceAI	1.0	1.0	0.38461538461538464	0.439	0.7195	0.72	5	0	8	8	0	0	13	8	13	8	0.556	0.556	21	13	0	0.0	1.0	0.6190476190476191	0.619		
CI-SpliceAI	1.0	1.0	0.23076923076923078	0.32	0.66	0.66	3	0	8	10	0	0	13	8	13	8	0.375	0.375	21	11	0	0.0	1.0	0.5238095238095238	0.524		
Pangolin	1.0	1.0	0.3076923076923077	0.381	0.6905	0.69	4	0	8	9	0	0	13	8	13	8	0.471	0.471	21	12	0	0.0	1.0	0.5714285714285714	0.571		
SPiP	0.0	1.0	0.0	0.0	0.5	0.5	0	0	8	13	0	0	13	8	13	8	0.0	0.0	21	8	0	0.0	1.0	0.38095238095238093	0.381		
PDIVAS	1.0	0.0	0.4166666666666667	0.0	0.5	0.286	5	0	0	7	1	8	12	0	13	8	0.588	0.336	21	5	9	0.42857142857142855	0.5714285714285714	0.4166666666666667	0.238		
