tool	precision	specificity	sensitivity	mcc	norm_mcc	weighted_norm_mcc	tp	fp	tn	fn	mp	mn	scored_p	scored_n	total_p	total_n	F1	weighted_F1	total	correct	nan	fraction_nan	coverage	accuracy	weighted_accuracy	auROC	auPRC
CADD_v1.5	0.0	1.0	0.0	0.0	0.5	0.481	0	0	54	49	4	0	49	54	53	54	0.0	0.0	107	54	4	0.037383177570093455	0.9626168224299065	0.5242718446601942	0.505		
SQUIRLS	0.8	0.9814814814814815	0.07547169811320754	0.135	0.5675	0.568	4	1	53	49	0	0	53	54	53	54	0.138	0.138	107	57	0	0.0	1.0	0.5327102803738317	0.533		
MaxEntScan	0.52	0.7777777777777778	0.24528301886792453	0.027	0.5135	0.514	13	12	42	40	0	0	53	54	53	54	0.333	0.333	107	55	0	0.0	1.0	0.514018691588785	0.514	0.48043326345213133	0.4571161322717499
SpliceAI	1.0	1.0	0.23076923076923078	0.364	0.6819999999999999	0.676	12	0	54	40	1	0	52	54	53	54	0.375	0.371	107	66	1	0.009345794392523364	0.9906542056074766	0.6226415094339622	0.617	0.5345441595441596	0.6515008425709534
CI-SpliceAI	1.0	1.0	0.16981132075471697	0.306	0.653	0.653	9	0	54	44	0	0	53	54	53	54	0.29	0.29	107	63	0	0.0	1.0	0.5887850467289719	0.589		
Pangolin	1.0	1.0	0.22641509433962265	0.359	0.6795	0.68	12	0	54	41	0	0	53	54	53	54	0.369	0.369	107	66	0	0.0	1.0	0.616822429906542	0.617	0.4584206848357792	0.6199848621203304
SPiP	1.0	1.0	0.03773584905660377	0.139	0.5695	0.57	2	0	54	51	0	0	53	54	53	54	0.073	0.073	107	56	0	0.0	1.0	0.5233644859813084	0.523		
PDIVAS	1.0	1.0	0.23529411764705882	0.107	0.5535	0.274	12	0	2	39	2	52	51	2	53	54	0.381	0.189	107	14	54	0.5046728971962616	0.4953271028037383	0.2641509433962264	0.131		
