tool	weighted_accuracy	accuracy	weighted_F1	F1	coverage	specificity	sensitivity	precision	mcc	norm_mcc	weighted_norm_mcc
SpliceAI	0.598	0.6039603960396039	0.351	0.355	0.9901960784313726	1.0	0.21568627450980393	1.0	0.346	0.673	0.666
Pangolin	0.598	0.5980392156862745	0.349	0.349	1.0	1.0	0.21153846153846154	1.0	0.341	0.6705	0.67
CI-SpliceAI	0.569	0.5686274509803921	0.267	0.267	1.0	1.0	0.15384615384615385	1.0	0.286	0.643	0.643
SQUIRLS	0.52	0.5196078431372549	0.109	0.109	1.0	1.0	0.057692307692307696	1.0	0.171	0.5855	0.586
SPiP	0.51	0.5098039215686274	0.074	0.074	1.0	1.0	0.038461538461538464	1.0	0.139	0.5695	0.57
MaxEntScan	0.5	0.5	0.338	0.338	1.0	0.76	0.25	0.52	0.012	0.506	0.506
CADD_v1.5	0.49	0.5102040816326531	0.0	0.0	0.9607843137254902	1.0	0.0	0.0	0.0	0.5	0.48
PDIVAS	0.127	0.25	0.184	0.361	0.5098039215686274	1.0	0.22	1.0	0.104	0.552	0.281
