tool	precision	specificity	sensitivity	mcc	norm_mcc	weighted_norm_mcc	tp	fp	tn	fn	mp	mn	scored_p	scored_n	total_p	total_n	F1	weighted_F1	total	correct	nan	fraction_nan	coverage	accuracy	weighted_accuracy
SQUIRLS	0.0	1.0	0.0	0.0	0.5	0.491	0	0	49	6	0	1	6	49	6	50	0.0	0.0	56	49	1	0.017857142857142856	0.9821428571428571	0.8909090909090909	0.875
SpliceAI	0.3333333333333333	0.9591836734693877	0.16666666666666666	0.173	0.5865	0.576	1	2	47	5	0	1	6	49	6	50	0.222	0.218	56	48	1	0.017857142857142856	0.9821428571428571	0.8727272727272727	0.857
Pangolin	0.5	0.9523809523809523	0.3333333333333333	0.342	0.671	0.288	1	1	20	2	3	29	3	21	6	50	0.4	0.171	56	21	32	0.5714285714285714	0.42857142857142855	0.875	0.375
