tool	precision	specificity	sensitivity	mcc	norm_mcc	weighted_norm_mcc	tp	fp	tn	fn	mp	mn	scored_p	scored_n	total_p	total_n	F1	weighted_F1	total	correct	nan	fraction_nan	coverage	accuracy	weighted_accuracy
SQUIRLS	0.0	1.0	0.0	0.0	0.5	0.464	0	0	57	8	0	5	8	57	8	62	0.0	0.0	70	57	5	0.07142857142857142	0.9285714285714286	0.8769230769230769	0.814
SpliceAI	0.4	0.9464285714285714	0.25	0.242	0.621	0.568	2	3	53	6	0	6	8	56	8	62	0.308	0.281	70	55	6	0.08571428571428572	0.9142857142857143	0.859375	0.786
Pangolin	0.3333333333333333	0.9285714285714286	0.3333333333333333	0.262	0.631	0.279	1	2	26	2	5	34	3	28	8	62	0.333	0.148	70	27	39	0.5571428571428572	0.44285714285714284	0.8709677419354839	0.386
AlphaGenome	0.0	0.0	0.0	0.0	0.5	0.0	0	0	0	0	8	62	0	0	8	62	0.0	0.0	70	0	70	1.0	0.0	0.0	0.0
