tool	precision	specificity	sensitivity	mcc	norm_mcc	weighted_norm_mcc	tp	fp	tn	fn	mp	mn	scored_p	scored_n	total_p	total_n	F1	weighted_F1	total	correct	nan	fraction_nan	coverage	accuracy	weighted_accuracy	auROC	auPRC
SQUIRLS	0.2222222222222222	0.964824120603015	0.057971014492753624	0.042	0.521	0.491	8	28	768	130	2	56	138	796	140	852	0.092	0.087	992	776	58	0.05846774193548387	0.9415322580645161	0.8308351177730193	0.782	0.5474655888136334	0.18178791058574756
SpliceAI	0.2532467532467532	0.8521850899742931	0.28888888888888886	0.134	0.567	0.522	39	115	663	96	5	74	135	778	140	852	0.27	0.248	992	702	79	0.07963709677419355	0.9203629032258065	0.768893756845564	0.708	0.5512234599638198	0.22594711803051473
Pangolin	0.3132530120481928	0.866822429906542	0.35135135135135137	0.208	0.604	0.306	26	57	371	48	66	424	74	428	140	852	0.331	0.168	992	397	490	0.4939516129032258	0.5060483870967742	0.7908366533864541	0.4	0.6021406920939631	0.26616870396824643
