tool	precision	specificity	sensitivity	mcc	norm_mcc	weighted_norm_mcc	tp	fp	tn	fn	mp	mn	scored_p	scored_n	total_p	total_n	F1	weighted_F1	total	correct	nan	fraction_nan	coverage	accuracy	weighted_accuracy
SQUIRLS	0.0	0.9807692307692307	0.0	-0.048	0.476	0.453	0	1	51	7	2	1	7	52	9	53	0.0	0.0	62	51	3	0.04838709677419355	0.9516129032258065	0.864406779661017	0.823
SpliceAI	0.14285714285714285	0.8666666666666667	0.14285714285714285	0.01	0.505	0.424	1	6	39	6	2	8	7	45	9	53	0.143	0.12	62	40	10	0.16129032258064516	0.8387096774193549	0.7692307692307693	0.645
Pangolin	0.0	0.8064516129032258	0.0	-0.12	0.44	0.234	0	6	25	2	7	22	2	31	9	53	0.0	0.0	62	25	29	0.46774193548387094	0.532258064516129	0.7575757575757576	0.403
