tool	precision	specificity	sensitivity	mcc	norm_mcc	weighted_norm_mcc	tp	fp	tn	fn	mp	mn	scored_p	scored_n	total_p	total_n	F1	weighted_F1	total	correct	nan	fraction_nan	coverage	accuracy	weighted_accuracy
SQUIRLS	0.25	0.9375	0.14285714285714285	0.103	0.5515	0.31	1	3	45	6	0	43	7	48	7	91	0.182	0.102	98	46	43	0.4387755102040816	0.5612244897959183	0.8363636363636363	0.469
SpliceAI	0.3333333333333333	0.9024390243902439	0.2857142857142857	0.201	0.6005	0.294	2	4	37	5	0	50	7	41	7	91	0.308	0.151	98	39	50	0.5102040816326531	0.4897959183673469	0.8125	0.398
Pangolin	0.0	0.9761904761904762	0.0	-0.051	0.4745	0.228	0	1	41	5	2	49	5	42	7	91	0.0	0.0	98	41	51	0.5204081632653061	0.47959183673469385	0.8723404255319149	0.418
