tool	precision	specificity	sensitivity	mcc	norm_mcc	weighted_norm_mcc	tp	fp	tn	fn	mp	mn	scored_p	scored_n	total_p	total_n	F1	weighted_F1	total	correct	nan	fraction_nan	coverage	accuracy	weighted_accuracy	auROC	auPRC
SQUIRLS	0.23333333333333334	0.9665697674418605	0.056910569105691054	0.045	0.5225	0.522	7	23	665	116	0	1	123	688	123	689	0.092	0.091	812	672	1	0.0012315270935960591	0.9987684729064039	0.8286066584463625	0.828	0.5422220646625071	0.19000944632043987
SpliceAI	0.2571428571428571	0.8481751824817518	0.3	0.139	0.5695	0.565	36	104	581	84	3	4	120	685	123	689	0.277	0.275	812	617	7	0.008620689655172414	0.9913793103448276	0.7664596273291926	0.76	0.5633333333333334	0.22938004475261853
Pangolin	0.3466666666666667	0.8579710144927536	0.3880597014925373	0.235	0.6174999999999999	0.313	26	49	296	41	56	344	67	345	123	689	0.366	0.186	812	322	400	0.49261083743842365	0.5073891625615764	0.7815533980582524	0.397	0.6215877136058836	0.29970647384260696
AlphaGenome	0.0	0.995260663507109	0.0	-0.027	0.4865	0.15	0	1	210	39	84	478	39	211	123	689	0.0	0.0	812	210	562	0.6921182266009852	0.3078817733990148	0.84	0.259		
