tool	weighted_accuracy	accuracy	weighted_F1	F1	coverage	specificity	sensitivity	precision	mcc	norm_mcc	weighted_norm_mcc
SQUIRLS	0.823	0.864406779661017	0.0	0.0	0.9516129032258065	0.9807692307692307	0.0	0.0	-0.048	0.476	0.453
SpliceAI	0.645	0.7692307692307693	0.12	0.143	0.8387096774193549	0.8666666666666667	0.14285714285714285	0.14285714285714285	0.01	0.505	0.424
Pangolin	0.403	0.7575757575757576	0.0	0.0	0.532258064516129	0.8064516129032258	0.0	0.0	-0.12	0.44	0.234
