tool	weighted_accuracy	accuracy	weighted_F1	F1	coverage	specificity	sensitivity	precision	mcc	norm_mcc	weighted_norm_mcc
AlphaGenome	0.49	0.96	0.0	0.0	0.5102040816326531	0.9795918367346939	0.0	0.0	-0.02	0.49	0.25
SQUIRLS	0.469	0.8363636363636363	0.102	0.182	0.5612244897959183	0.9375	0.14285714285714285	0.25	0.103	0.5515	0.31
Pangolin	0.418	0.8723404255319149	0.0	0.0	0.47959183673469385	0.9761904761904762	0.0	0.0	-0.051	0.4745	0.228
SpliceAI	0.398	0.8125	0.151	0.308	0.4897959183673469	0.9024390243902439	0.2857142857142857	0.3333333333333333	0.201	0.6005	0.294
