tool	weighted_accuracy	accuracy	weighted_F1	F1	coverage	specificity	sensitivity	precision	mcc	norm_mcc	weighted_norm_mcc
SQUIRLS	0.828	0.8286066584463625	0.091	0.092	0.9987684729064039	0.9665697674418605	0.056910569105691054	0.23333333333333334	0.045	0.5225	0.522
SpliceAI	0.76	0.7664596273291926	0.275	0.277	0.9913793103448276	0.8481751824817518	0.3	0.2571428571428571	0.139	0.5695	0.565
Pangolin	0.397	0.7815533980582524	0.186	0.366	0.5073891625615764	0.8579710144927536	0.3880597014925373	0.3466666666666667	0.235	0.6174999999999999	0.313
AlphaGenome	0.259	0.84	0.0	0.0	0.3078817733990148	0.995260663507109	0.0	0.0	-0.027	0.4865	0.15
