tool	weighted_accuracy	accuracy	weighted_F1	F1	coverage	specificity	sensitivity	precision	mcc	norm_mcc	weighted_norm_mcc
SpliceAI	0.754	0.7577319587628866	0.677	0.68	0.9948717948717949	1.0	0.5154639175257731	1.0	0.589	0.7945	0.79
Pangolin	0.754	0.7538461538461538	0.676	0.676	1.0	1.0	0.5102040816326531	1.0	0.584	0.792	0.792
CI-SpliceAI	0.646	0.6461538461538462	0.457	0.457	1.0	1.0	0.29591836734693877	1.0	0.416	0.708	0.708
SQUIRLS	0.574	0.5743589743589743	0.265	0.265	1.0	1.0	0.15306122448979592	1.0	0.287	0.6435	0.644
SPiP	0.528	0.5282051282051282	0.115	0.115	1.0	1.0	0.061224489795918366	1.0	0.177	0.5885	0.588
CADD_v1.5	0.497	0.49743589743589745	0.0	0.0	1.0	1.0	0.0	0.0	0.0	0.5	0.5
MaxEntScan	0.482	0.48205128205128206	0.313	0.313	1.0	0.7319587628865979	0.23469387755102042	0.46938775510204084	-0.038	0.481	0.481
PDIVAS	0.277	0.5454545454545454	0.354	0.698	0.5076923076923077	1.0	0.5360824742268041	1.0	0.151	0.5755	0.292
