tool	precision	specificity	sensitivity	mcc	norm_mcc	weighted_norm_mcc	tp	fp	tn	fn	mp	mn	scored_p	scored_n	total_p	total_n	F1	weighted_F1	total	correct	nan	fraction_nan	coverage	accuracy	weighted_accuracy
SQUIRLS	0.42857142857142855	0.68	1.0	0.54	0.77	0.77	6	8	17	0	0	0	6	25	6	25	0.6	0.6	31	23	0	0.0	1.0	0.7419354838709677	0.742
SpliceAI	0.35294117647058826	0.56	1.0	0.445	0.7225	0.722	6	11	14	0	0	0	6	25	6	25	0.522	0.522	31	20	0	0.0	1.0	0.6451612903225806	0.645
Pangolin	0.4	0.625	1.0	0.5	0.75	0.726	6	9	15	0	0	1	6	24	6	25	0.571	0.553	31	21	1	0.03225806451612903	0.967741935483871	0.7	0.677
