tool	precision	specificity	sensitivity	mcc	norm_mcc	weighted_norm_mcc	tp	fp	tn	fn	mp	mn	scored_p	scored_n	total_p	total_n	F1	weighted_F1	total	correct	nan	fraction_nan	coverage	accuracy	weighted_accuracy
SQUIRLS	0.0	1.0	0	0.0	0.5	0.5	0	0	11	0	0	0	0	11	0	11	0	0	11	11	0	0.0	1.0	1.0	1.0
SpliceAI	0.0	0.9090909090909091	0	0.0	0.5	0.5	0	1	10	0	0	0	0	11	0	11	0	0	11	10	0	0.0	1.0	0.9090909090909091	0.909
Pangolin	0.0	1.0	0	0.0	0.5	0.455	0	0	10	0	0	1	0	10	0	11	0	0	11	10	1	0.09090909090909091	0.9090909090909091	1.0	0.909
