tool	weighted_accuracy	accuracy	weighted_F1	F1	coverage	specificity	sensitivity	precision	mcc	norm_mcc	weighted_norm_mcc
SQUIRLS	1.0	1.0	0	0	1.0	1.0	0	0.0	0.0	0.5	0.5
SpliceAI	0.909	0.9090909090909091	0	0	1.0	0.9090909090909091	0	0.0	0.0	0.5	0.5
Pangolin	0.909	1.0	0	0	0.9090909090909091	1.0	0	0.0	0.0	0.5	0.455
