tool	precision	specificity	sensitivity	mcc	norm_mcc	weighted_norm_mcc	tp	fp	tn	fn	mp	mn	scored_p	scored_n	total_p	total_n	F1	weighted_F1	total	correct	nan	fraction_nan	coverage	accuracy	weighted_accuracy	auROC	auPRC
SQUIRLS	0.1310344827586207	0.6358381502890174	0.7037037037037037	0.18	0.59	0.59	19	126	220	8	0	0	27	346	27	346	0.221	0.221	373	239	0	0.0	1.0	0.6407506702412868	0.641	0.6478270177692143	0.10256266015815527
SpliceAI	0.12582781456953643	0.6129032258064516	0.7037037037037037	0.168	0.584	0.576	19	132	209	8	0	5	27	341	27	346	0.213	0.211	373	228	5	0.013404825737265416	0.9865951742627346	0.6195652173913043	0.611	0.6673183447376996	0.1063653145441105
Pangolin	0.13138686131386862	0.652046783625731	0.6666666666666666	0.172	0.586	0.58	18	119	223	9	0	4	27	342	27	346	0.22	0.217	373	241	4	0.010723860589812333	0.9892761394101877	0.6531165311653117	0.646	0.7214641542126923	0.12043740585651219
AlphaGenome	0.0	0.9808306709265175	0.0	0.0	0.5	0.42	0	6	307	0	27	33	0	313	27	346	0.0	0.0	373	307	60	0.16085790884718498	0.839142091152815	0.9808306709265175	0.823		
