tool	precision	specificity	sensitivity	mcc	norm_mcc	weighted_norm_mcc	tp	fp	tn	fn	mp	mn	scored_p	scored_n	total_p	total_n	F1	weighted_F1	total	correct	nan	fraction_nan	coverage	accuracy	weighted_accuracy
SQUIRLS	0.0	0.8823529411764706	0.0	-0.086	0.457	0.457	0	2	15	1	0	0	1	17	1	17	0	0	18	15	0	0.0	1.0	0.8333333333333334	0.833
SpliceAI	0.0	0.8125	0.0	-0.116	0.442	0.417	0	3	13	1	0	1	1	16	1	17	0	0	18	13	1	0.05555555555555555	0.9444444444444444	0.7647058823529411	0.722
Pangolin	0.0	0.8125	0.0	-0.116	0.442	0.417	0	3	13	1	0	1	1	16	1	17	0	0	18	13	1	0.05555555555555555	0.9444444444444444	0.7647058823529411	0.722
