tool	precision	specificity	sensitivity	mcc	norm_mcc	weighted_norm_mcc	tp	fp	tn	fn	mp	mn	scored_p	scored_n	total_p	total_n	F1	weighted_F1	total	correct	nan	fraction_nan	coverage	accuracy	weighted_accuracy	auROC	auPRC
SQUIRLS	0.24065420560747663	0.0	1.0	0.0	0.5	0.5	103	325	0	0	0	0	103	325	103	325	0.388	0.388	428	103	0	0.0	1.0	0.24065420560747663	0.241	0.5760119492158327	0.2785036645945634
SpliceAI	0.24817518248175183	0.006430868167202572	1.0	0.04	0.52	0.502	102	309	2	0	1	14	102	311	103	325	0.398	0.384	428	104	15	0.035046728971962614	0.9649532710280374	0.25181598062953997	0.243	0.3850324695794717	0.18966098366095155
Pangolin	0.24	0.006153846153846154	0.9902912621359223	-0.018	0.491	0.491	102	323	2	1	0	0	103	325	103	325	0.386	0.386	428	104	0	0.0	1.0	0.24299065420560748	0.243	0.43441374159820756	0.21080649818642594
AlphaGenome	0.0	0.9575289575289575	0.0	0.0	0.5	0.303	0	11	248	0	103	66	0	259	103	325	0.0	0.0	428	248	169	0.39485981308411217	0.6051401869158879	0.9575289575289575	0.579		
