tool	precision	specificity	sensitivity	mcc	norm_mcc	weighted_norm_mcc	tp	fp	tn	fn	mp	mn	scored_p	scored_n	total_p	total_n	F1	weighted_F1	total	correct	nan	fraction_nan	coverage	accuracy	weighted_accuracy	auROC	auPRC
SQUIRLS	0.04395604395604396	0.8719960765080922	0.16	0.018	0.509	0.509	12	261	1778	63	0	0	75	2039	75	2039	0.069	0.069	2114	1790	0	0.0	1.0	0.8467360454115421	0.847	0.5716723884256989	0.05706545124038702
SpliceAI	0.10043668122270742	0.8977159880834161	0.3150684931506849	0.125	0.5625	0.555	23	206	1808	50	2	25	73	2014	75	2039	0.152	0.15	2114	1831	27	0.012771996215704825	0.9872280037842952	0.8773358888356493	0.866	0.6894682428480091	0.06781301684516775
Pangolin	0.12056737588652482	0.9390363815142576	0.22666666666666666	0.123	0.5615	0.56	17	124	1910	58	0	5	75	2034	75	2039	0.157	0.157	2114	1927	5	0.0023651844843897824	0.9976348155156102	0.9137031768610716	0.912	0.7217502458210423	0.08089518038201803
AlphaGenome	0.0	0.9779758783429471	0.0	0.0	0.5	0.451	0	42	1865	0	75	132	0	1907	75	2039	0.0	0.0	2114	1865	207	0.097918637653737	0.902081362346263	0.9779758783429471	0.882		
