tool	precision	specificity	sensitivity	mcc	norm_mcc	weighted_norm_mcc	tp	fp	tn	fn	mp	mn	scored_p	scored_n	total_p	total_n	F1	weighted_F1	total	correct	nan	fraction_nan	coverage	accuracy	weighted_accuracy	auROC	auPRC
SQUIRLS	0.058823529411764705	0.9604938271604938	0.0625	0.022	0.511	0.511	1	16	389	15	0	0	16	405	16	405	0.061	0.061	421	390	0	0.0	1.0	0.9263657957244655	0.926	0.3492283950617284	0.0346674912455769
SpliceAI	0.0967741935483871	0.9306930693069307	0.1875	0.087	0.5435	0.542	3	28	376	13	0	1	16	404	16	405	0.128	0.127	421	379	1	0.0023752969121140144	0.997624703087886	0.9023809523809524	0.9	0.7063737623762376	0.08972869879506741
Pangolin	0.2	0.9493670886075949	0.3125	0.212	0.606	0.592	5	20	375	11	0	10	16	395	16	405	0.244	0.238	421	380	10	0.023752969121140142	0.9762470308788599	0.9245742092457421	0.903	0.6015822784810126	0.07824364253843999
