tool	precision	specificity	sensitivity	mcc	norm_mcc	weighted_norm_mcc	tp	fp	tn	fn	mp	mn	scored_p	scored_n	total_p	total_n	F1	weighted_F1	total	correct	nan	fraction_nan	coverage	accuracy	weighted_accuracy	auROC	auPRC
SQUIRLS	0.15305067218200621	0.779245283018868	0.5736434108527132	0.203	0.6015	0.602	148	819	2891	110	0	0	258	3710	258	3710	0.242	0.242	3968	3039	0	0.0	1.0	0.7658770161290323	0.766	0.6974889780396581	0.1481091740000492
SpliceAI	0.1689691817215728	0.7863971592461076	0.6235294117647059	0.237	0.6185	0.61	159	782	2879	96	3	49	255	3661	258	3710	0.266	0.262	3968	3038	52	0.01310483870967742	0.9868951612903226	0.7757916241062308	0.766	0.7531200625565715	0.15547911028340827
Pangolin	0.1837968561064087	0.8170731707317073	0.596078431372549	0.25	0.625	0.621	152	675	3015	103	3	20	255	3690	258	3710	0.281	0.279	3968	3167	23	0.0057963709677419355	0.9942036290322581	0.8027883396704689	0.798	0.7659163611243955	0.1633704797171334
AlphaGenome	0.0	0.9787357995921934	0.0	0.0	0.5	0.433	0	73	3360	0	258	277	0	3433	258	3710	0.0	0.0	3968	3360	535	0.13482862903225806	0.8651713709677419	0.9787357995921934	0.847		
