tool	precision	specificity	sensitivity	mcc	norm_mcc	weighted_norm_mcc	tp	fp	tn	fn	mp	mn	scored_p	scored_n	total_p	total_n	F1	weighted_F1	total	correct	nan	fraction_nan	coverage	accuracy	weighted_accuracy
SQUIRLS	0.047619047619047616	0.738562091503268	0.3333333333333333	0.031	0.5155	0.516	2	40	113	4	0	0	6	153	6	153	0.083	0.083	159	115	0	0.0	1.0	0.7232704402515723	0.723
SpliceAI	0.022727272727272728	0.7133333333333334	0.16666666666666666	-0.051	0.4745	0.466	1	43	107	5	0	3	6	150	6	153	0.04	0.039	159	108	3	0.018867924528301886	0.9811320754716981	0.6923076923076923	0.679
Pangolin	0.02564102564102564	0.7516339869281046	0.16666666666666666	-0.036	0.482	0.482	1	38	115	5	0	0	6	153	6	153	0.044	0.044	159	116	0	0.0	1.0	0.7295597484276729	0.73
AlphaGenome	0.0	0.9797297297297297	0.0	0.0	0.5	0.465	0	3	145	0	6	5	0	148	6	153	0.0	0.0	159	145	11	0.06918238993710692	0.9308176100628931	0.9797297297297297	0.912
