tool	weighted_accuracy	accuracy	weighted_F1	F1	coverage	specificity	sensitivity	precision	mcc	norm_mcc	weighted_norm_mcc
Pangolin	0.73	0.7295597484276729	0.044	0.044	1.0	0.7516339869281046	0.16666666666666666	0.02564102564102564	-0.036	0.482	0.482
SQUIRLS	0.723	0.7232704402515723	0.083	0.083	1.0	0.738562091503268	0.3333333333333333	0.047619047619047616	0.031	0.5155	0.516
SpliceAI	0.679	0.6923076923076923	0.039	0.04	0.9811320754716981	0.7133333333333334	0.16666666666666666	0.022727272727272728	-0.051	0.4745	0.466
