tool	weighted_accuracy	accuracy	weighted_F1	F1	coverage	specificity	sensitivity	precision	mcc	norm_mcc	weighted_norm_mcc
SpliceAI	0.243	0.25181598062953997	0.384	0.398	0.9649532710280374	0.006430868167202572	1.0	0.24817518248175183	0.04	0.52	0.502
Pangolin	0.243	0.24299065420560748	0.386	0.386	1.0	0.006153846153846154	0.9902912621359223	0.24	-0.018	0.491	0.491
SQUIRLS	0.241	0.24065420560747663	0.388	0.388	1.0	0.0	1.0	0.24065420560747663	0.0	0.5	0.5
