tool	weighted_accuracy	accuracy	weighted_F1	F1	coverage	specificity	sensitivity	precision	mcc	norm_mcc	weighted_norm_mcc
AlphaGenome	0.847	0.9787357995921934	0.0	0.0	0.8651713709677419	0.9787357995921934	0.0	0.0	0.0	0.5	0.433
Pangolin	0.798	0.8027883396704689	0.279	0.281	0.9942036290322581	0.8170731707317073	0.596078431372549	0.1837968561064087	0.25	0.625	0.621
SQUIRLS	0.766	0.7658770161290323	0.242	0.242	1.0	0.779245283018868	0.5736434108527132	0.15305067218200621	0.203	0.6015	0.602
SpliceAI	0.766	0.7757916241062308	0.262	0.266	0.9868951612903226	0.7863971592461076	0.6235294117647059	0.1689691817215728	0.237	0.6185	0.61
