tool	weighted_accuracy	accuracy	weighted_F1	F1	coverage	specificity	sensitivity	precision	mcc	norm_mcc	weighted_norm_mcc
SQUIRLS	0.882	0.882494004796163	0.246	0.246	1.0	0.9207161125319693	0.3076923076923077	0.20512820512820512	0.19	0.595	0.595
Pangolin	0.882	0.882494004796163	0.246	0.246	1.0	0.9207161125319693	0.3076923076923077	0.20512820512820512	0.19	0.595	0.595
AlphaGenome	0.859	0.9862258953168044	0.0	0.0	0.8705035971223022	0.9862258953168044	0.0	0.0	0.0	0.5	0.435
SpliceAI	0.854	0.8537170263788969	0.247	0.247	1.0	0.8849104859335039	0.38461538461538464	0.18181818181818182	0.193	0.5965	0.596
