tool	weighted_accuracy	accuracy	weighted_F1	F1	coverage	specificity	sensitivity	precision	mcc	norm_mcc	weighted_norm_mcc
SQUIRLS	0.833	0.8333333333333334	0	0	1.0	0.8823529411764706	0.0	0.0	-0.086	0.457	0.457
SpliceAI	0.722	0.7647058823529411	0	0	0.9444444444444444	0.8125	0.0	0.0	-0.116	0.442	0.417
Pangolin	0.722	0.7647058823529411	0	0	0.9444444444444444	0.8125	0.0	0.0	-0.116	0.442	0.417
