tool	precision	specificity	sensitivity	mcc	norm_mcc	weighted_norm_mcc	tp	fp	tn	fn	mp	mn	scored_p	scored_n	total_p	total_n	F1	weighted_F1	total	correct	nan	fraction_nan	coverage	accuracy	weighted_accuracy
SQUIRLS	0.25	0.9347826086956522	0.14285714285714285	0.1	0.55	0.313	1	3	43	6	0	40	7	46	7	86	0.182	0.104	93	44	40	0.43010752688172044	0.5698924731182796	0.8301886792452831	0.473
SpliceAI	0.3333333333333333	0.9024390243902439	0.2857142857142857	0.201	0.6005	0.31	2	4	37	5	0	45	7	41	7	86	0.308	0.159	93	39	45	0.4838709677419355	0.5161290322580645	0.8125	0.419
Pangolin	0.0	0.975	0.0	-0.053	0.4735	0.229	0	1	39	5	2	46	5	40	7	86	0.0	0.0	93	39	48	0.5161290322580645	0.4838709677419355	0.8666666666666667	0.419
AlphaGenome	0.0	0.9795918367346939	0.0	-0.02	0.49	0.263	0	1	48	1	6	37	1	49	7	86	0.0	0.0	93	48	43	0.46236559139784944	0.5376344086021505	0.96	0.516
