tool	precision	specificity	sensitivity	mcc	norm_mcc	weighted_norm_mcc	tp	fp	tn	fn	mp	mn	scored_p	scored_n	total_p	total_n	F1	weighted_F1	total	correct	nan	fraction_nan	coverage	accuracy	weighted_accuracy	auROC	auPRC
SQUIRLS	0.23333333333333334	0.9632	0.05982905982905983	0.043	0.5215	0.522	7	23	602	110	0	0	117	625	117	625	0.095	0.095	742	609	0	0.0	1.0	0.8207547169811321	0.821	0.5405128205128206	0.19351967899571987
SpliceAI	0.25547445255474455	0.8360128617363344	0.30701754385964913	0.133	0.5665	0.562	35	102	520	79	3	3	114	622	117	625	0.279	0.277	742	555	6	0.008086253369272238	0.9919137466307277	0.7540760869565217	0.748	0.5588085970553393	0.23110323791672366
Pangolin	0.3424657534246575	0.85	0.390625	0.229	0.6145	0.318	25	48	272	39	53	305	64	320	117	625	0.365	0.189	742	297	358	0.48247978436657685	0.5175202156334232	0.7734375	0.4	0.615283203125	0.29829306846777626
