tool	precision	specificity	sensitivity	mcc	norm_mcc	weighted_norm_mcc	tp	fp	tn	fn	mp	mn	scored_p	scored_n	total_p	total_n	F1	weighted_F1	total	correct	nan	fraction_nan	coverage	accuracy	weighted_accuracy
SQUIRLS	0.0	0.9761904761904762	0.0	-0.051	0.4745	0.446	0	1	41	5	2	1	5	42	7	43	0	0	50	41	3	0.06	0.94	0.8723404255319149	0.82
SpliceAI	0.0	0.8648648648648649	0.0	-0.135	0.4325	0.363	0	5	32	5	2	6	5	37	7	43	0	0	50	32	8	0.16	0.84	0.7619047619047619	0.64
Pangolin	0.0	0.8076923076923077	0.0	-0.129	0.4355	0.244	0	5	21	2	5	17	2	26	7	43	0	0	50	21	22	0.44	0.56	0.75	0.42
AlphaGenome	0.0	0.9375	0.0	0.0	0.5	0.16	0	1	15	0	7	27	0	16	7	43	0	0	50	15	34	0.68	0.32	0.9375	0.3
