tool	precision	specificity	sensitivity	mcc	norm_mcc	weighted_norm_mcc	tp	fp	tn	fn	mp	mn	scored_p	scored_n	total_p	total_n	F1	weighted_F1	total	correct	nan	fraction_nan	coverage	accuracy	weighted_accuracy
SQUIRLS	0	1.0	0.0	0.0	0.5	0.192	0	0	4	1	0	8	1	4	1	12	0	0	13	4	8	0.6153846153846154	0.38461538461538464	0.8	0.308
SpliceAI	0	1.0	0.0	0.0	0.5	0.154	0	0	3	1	0	9	1	3	1	12	0	0	13	3	9	0.6923076923076923	0.3076923076923077	0.75	0.231
Pangolin	0	1.0	0.0	0.0	0.5	0.231	0	0	6	0	1	6	0	6	1	12	0	0	13	6	7	0.5384615384615384	0.46153846153846156	1.0	0.462
