tool	precision	specificity	sensitivity	mcc	norm_mcc	weighted_norm_mcc	tp	fp	tn	fn	mp	mn	scored_p	scored_n	total_p	total_n	F1	weighted_F1	total	correct	nan	fraction_nan	coverage	accuracy	weighted_accuracy	auROC	auPRC
SQUIRLS	0.2222222222222222	0.9611111111111111	0.06153846153846154	0.04	0.52	0.491	8	28	692	122	2	49	130	720	132	769	0.096	0.091	901	700	51	0.05660377358490566	0.9433962264150944	0.8235294117647058	0.777	0.5358547008547009	0.18379067914601638
SpliceAI	0.2483221476510067	0.8413597733711048	0.29133858267716534	0.124	0.562	0.52	37	112	594	90	5	63	127	706	132	769	0.268	0.248	901	631	68	0.07547169811320754	0.9245283018867925	0.7575030012004802	0.7	0.5449242711516584	0.22059670508173362
Pangolin	0.3125	0.8607594936708861	0.352112676056338	0.203	0.6015	0.311	25	55	340	46	61	374	71	395	132	769	0.331	0.171	901	365	435	0.4827968923418424	0.5172031076581576	0.7832618025751072	0.405	0.5910144410768408	0.26198092550813334
