tool	weighted_accuracy	accuracy	weighted_F1	F1	coverage	specificity	sensitivity	precision	mcc	norm_mcc	weighted_norm_mcc
Pangolin	0.462	1.0	0	0	0.46153846153846156	1.0	0.0	0	0.0	0.5	0.231
SQUIRLS	0.308	0.8	0	0	0.38461538461538464	1.0	0.0	0	0.0	0.5	0.192
SpliceAI	0.231	0.75	0	0	0.3076923076923077	1.0	0.0	0	0.0	0.5	0.154
