tool	weighted_accuracy	accuracy	weighted_F1	F1	coverage	specificity	sensitivity	precision	mcc	norm_mcc	weighted_norm_mcc
SQUIRLS	0.82	0.8723404255319149	0	0	0.94	0.9761904761904762	0.0	0.0	-0.051	0.4745	0.446
SpliceAI	0.64	0.7619047619047619	0	0	0.84	0.8648648648648649	0.0	0.0	-0.135	0.4325	0.363
Pangolin	0.42	0.75	0	0	0.56	0.8076923076923077	0.0	0.0	-0.129	0.4355	0.244
