tool	weighted_accuracy	accuracy	weighted_F1	F1	coverage	specificity	sensitivity	precision	mcc	norm_mcc	weighted_norm_mcc
SQUIRLS	0.821	0.8207547169811321	0.095	0.095	1.0	0.9632	0.05982905982905983	0.23333333333333334	0.043	0.5215	0.522
SpliceAI	0.748	0.7540760869565217	0.277	0.279	0.9919137466307277	0.8360128617363344	0.30701754385964913	0.25547445255474455	0.133	0.5665	0.562
Pangolin	0.4	0.7734375	0.189	0.365	0.5175202156334232	0.85	0.390625	0.3424657534246575	0.229	0.6145	0.318
AlphaGenome	0.283	0.84	0.0	0.0	0.33692722371967654	0.995260663507109	0.0	0.0	-0.027	0.4865	0.164
