tool	precision	specificity	sensitivity	mcc	norm_mcc	weighted_norm_mcc	tp	fp	tn	fn	mp	mn	scored_p	scored_n	total_p	total_n	F1	weighted_F1	total	correct	nan	fraction_nan	coverage	accuracy	weighted_accuracy
SQUIRLS	0.0	0.6538461538461539	0.0	-0.139	0.4305	0.43	0	9	17	1	0	0	1	26	1	26	0	0	27	17	0	0.0	1.0	0.6296296296296297	0.63
SpliceAI	0.0	0.5769230769230769	0.0	-0.163	0.4185	0.418	0	11	15	1	0	0	1	26	1	26	0	0	27	15	0	0.0	1.0	0.5555555555555556	0.556
Pangolin	0.0	0.64	0.0	-0.146	0.427	0.411	0	9	16	1	0	1	1	25	1	26	0	0	27	16	1	0.037037037037037035	0.9629629629629629	0.6153846153846154	0.593
