tool	weighted_accuracy	accuracy	weighted_F1	F1	coverage	specificity	sensitivity	precision	mcc	norm_mcc	weighted_norm_mcc
AlphaGenome	0.704	0.7916666666666666	0	0	0.8888888888888888	0.7916666666666666	0.0	0.0	0.0	0.5	0.444
SQUIRLS	0.63	0.6296296296296297	0	0	1.0	0.6538461538461539	0.0	0.0	-0.139	0.4305	0.43
Pangolin	0.593	0.6153846153846154	0	0	0.9629629629629629	0.64	0.0	0.0	-0.146	0.427	0.411
SpliceAI	0.556	0.5555555555555556	0	0	1.0	0.5769230769230769	0.0	0.0	-0.163	0.4185	0.418
