tool	weighted_accuracy	accuracy	weighted_F1	F1	coverage	specificity	sensitivity	precision	mcc	norm_mcc	weighted_norm_mcc
SQUIRLS	0.846	0.8461538461538461	0	0	1.0	0.9166666666666666	0.0	0.0	-0.083	0.4585	0.458
SpliceAI	0.846	0.8461538461538461	0	0	1.0	0.9166666666666666	0.0	0.0	-0.083	0.4585	0.458
Pangolin	0.846	0.9166666666666666	0	0	0.9230769230769231	1.0	0.0	0.0	0.0	0.5	0.462
AlphaGenome	0.538	0.6363636363636364	0	0	0.8461538461538461	0.6363636363636364	0.0	0.0	0.0	0.5	0.423
