tool	weighted_accuracy	accuracy	weighted_F1	F1	coverage	specificity	sensitivity	precision	mcc	norm_mcc	weighted_norm_mcc
SpliceAI	0.622	0.6288659793814433	0.375	0.379	0.9897959183673469	1.0	0.23404255319148937	1.0	0.369	0.6845	0.678
Pangolin	0.622	0.6224489795918368	0.373	0.373	1.0	1.0	0.22916666666666666	1.0	0.363	0.6815	0.682
CI-SpliceAI	0.592	0.5918367346938775	0.286	0.286	1.0	1.0	0.16666666666666666	1.0	0.304	0.652	0.652
SQUIRLS	0.541	0.5408163265306123	0.118	0.118	1.0	1.0	0.0625	1.0	0.181	0.5905	0.59
SPiP	0.531	0.5306122448979592	0.08	0.08	1.0	1.0	0.041666666666666664	1.0	0.147	0.5735	0.574
CADD_v1.5	0.51	0.5102040816326531	0.0	0.0	1.0	1.0	0.0	0.0	0.0	0.5	0.5
MaxEntScan	0.5	0.5	0.31	0.31	1.0	0.76	0.22916666666666666	0.4782608695652174	-0.013	0.4935	0.494
PDIVAS	0.133	0.26	0.19	0.373	0.5102040816326531	1.0	0.22916666666666666	1.0	0.108	0.554	0.283
