tool	weighted_accuracy	accuracy	weighted_F1	F1	coverage	specificity	sensitivity	precision	mcc	norm_mcc	weighted_norm_mcc
SpliceAI	0.635	0.6407766990291263	0.39	0.393	0.9903846153846154	1.0	0.24489795918367346	1.0	0.381	0.6905	0.684
Pangolin	0.635	0.6346153846153846	0.387	0.387	1.0	1.0	0.24	1.0	0.375	0.6875	0.688
CI-SpliceAI	0.606	0.6057692307692307	0.305	0.305	1.0	1.0	0.18	1.0	0.32	0.66	0.66
SQUIRLS	0.548	0.5480769230769231	0.145	0.145	1.0	0.9814814814814815	0.08	0.8	0.144	0.572	0.572
SPiP	0.538	0.5384615384615384	0.077	0.077	1.0	1.0	0.04	1.0	0.146	0.573	0.573
CADD_v1.5	0.519	0.5192307692307693	0.0	0.0	1.0	1.0	0.0	0.0	0.0	0.5	0.5
MaxEntScan	0.51	0.5096153846153846	0.301	0.301	1.0	0.7777777777777778	0.22	0.4782608695652174	-0.003	0.4985	0.498
PDIVAS	0.135	0.27450980392156865	0.193	0.393	0.49038461538461536	1.0	0.24489795918367346	1.0	0.112	0.556	0.273
