tool	precision	specificity	sensitivity	mcc	norm_mcc	weighted_norm_mcc	tp	fp	tn	fn	mp	mn	scored_p	scored_n	total_p	total_n	F1	weighted_F1	total	correct	nan	fraction_nan	coverage	accuracy	weighted_accuracy	auROC	auPRC
CADD_v1.5	0.0	1.0	0.0	0.0	0.5	0.5	0	0	72	14	0	0	14	72	14	72	0.0	0.0	86	72	0	0.0	1.0	0.8372093023255814	0.837		
SQUIRLS	1.0	1.0	0.14285714285714285	0.35	0.675	0.675	2	0	72	12	0	0	14	72	14	72	0.25	0.25	86	74	0	0.0	1.0	0.8604651162790697	0.86		
MaxEntScan	0.13636363636363635	0.7361111111111112	0.21428571428571427	-0.042	0.479	0.479	3	19	53	11	0	0	14	72	14	72	0.167	0.167	86	56	0	0.0	1.0	0.6511627906976745	0.651	0.5992063492063492	0.17519058166573542
SpliceAI	1.0	1.0	0.35714285714285715	0.563	0.7815	0.782	5	0	72	9	0	0	14	72	14	72	0.526	0.526	86	77	0	0.0	1.0	0.8953488372093024	0.895		
CI-SpliceAI	1.0	1.0	0.14285714285714285	0.35	0.675	0.675	2	0	72	12	0	0	14	72	14	72	0.25	0.25	86	74	0	0.0	1.0	0.8604651162790697	0.86		
Pangolin	1.0	1.0	0.35714285714285715	0.563	0.7815	0.782	5	0	72	9	0	0	14	72	14	72	0.526	0.526	86	77	0	0.0	1.0	0.8953488372093024	0.895		
SPiP	1.0	1.0	0.21428571428571427	0.431	0.7155	0.716	3	0	72	11	0	0	14	72	14	72	0.353	0.353	86	75	0	0.0	1.0	0.872093023255814	0.872		
PDIVAS	1.0	0.0	0.35714285714285715	0.0	0.5	0.081	5	0	0	9	0	72	14	0	14	72	0.526	0.086	86	5	72	0.8372093023255814	0.16279069767441862	0.35714285714285715	0.058		
