tool	precision	specificity	sensitivity	mcc	norm_mcc	weighted_norm_mcc	tp	fp	tn	fn	mp	mn	scored_p	scored_n	total_p	total_n	F1	weighted_F1	total	correct	nan	fraction_nan	coverage	accuracy	weighted_accuracy
SQUIRLS	0.0	1.0	0.0	0.0	0.5	0.5	0	0	11	1	0	0	1	11	1	11	0	0	12	11	0	0.0	1.0	0.9166666666666666	0.917
SpliceAI	0.0	0.9090909090909091	0.0	-0.091	0.4545	0.454	0	1	10	1	0	0	1	11	1	11	0	0	12	10	0	0.0	1.0	0.8333333333333334	0.833
Pangolin	0.0	1.0	0.0	0.0	0.5	0.458	0	0	10	1	0	1	1	10	1	11	0	0	12	10	1	0.08333333333333333	0.9166666666666666	0.9090909090909091	0.833
AlphaGenome	0.0	0.6363636363636364	0.0	0.0	0.5	0.458	0	4	7	0	1	0	0	11	1	11	0	0	12	7	1	0.08333333333333333	0.9166666666666666	0.6363636363636364	0.583
