tool	weighted_accuracy	accuracy	weighted_F1	F1	coverage	specificity	sensitivity	precision	mcc	norm_mcc	weighted_norm_mcc
SQUIRLS	0.654	0.6538461538461539	0	0	1.0	0.68	0.0	0.0	-0.133	0.4335	0.434
Pangolin	0.577	0.6	0	0	0.9615384615384616	0.625	0.0	0.0	-0.153	0.4235	0.407
SpliceAI	0.538	0.5384615384615384	0	0	1.0	0.56	0.0	0.0	-0.171	0.4145	0.414
