tool	weighted_accuracy	accuracy	weighted_F1	F1	coverage	specificity	sensitivity	precision	mcc	norm_mcc	weighted_norm_mcc
SQUIRLS	0.917	0.9166666666666666	0	0	1.0	1.0	0.0	0.0	0.0	0.5	0.5
SpliceAI	0.833	0.8333333333333334	0	0	1.0	0.9090909090909091	0.0	0.0	-0.091	0.4545	0.454
Pangolin	0.833	0.9090909090909091	0	0	0.9166666666666666	1.0	0.0	0.0	0.0	0.5	0.458
