tool	precision	specificity	sensitivity	mcc	norm_mcc	weighted_norm_mcc	tp	fp	tn	fn	mp	mn	scored_p	scored_n	total_p	total_n	F1	weighted_F1	total	correct	nan	fraction_nan	coverage	accuracy	weighted_accuracy	auROC	auPRC
SQUIRLS	0.2636363636363636	0.7801302931596091	0.8529411764705882	0.395	0.6975	0.698	290	810	2874	50	0	0	340	3684	340	3684	0.403	0.403	4024	3164	0	0.0	1.0	0.7862823061630219	0.786	0.8398715430797725	0.2915422903024937
SpliceAI	0.26988636363636365	0.7878954607977992	0.8507462686567164	0.402	0.7010000000000001	0.692	285	771	2864	50	5	49	335	3635	340	3684	0.41	0.404	4024	3149	54	0.01341948310139165	0.9865805168986084	0.7931989924433249	0.783	0.8658054979572564	0.30549660013253027
Pangolin	0.29374337221633084	0.8182810368349249	0.8171091445427728	0.417	0.7085	0.705	277	666	2999	62	1	19	339	3665	340	3684	0.432	0.43	4024	3276	20	0.004970178926441352	0.9950298210735586	0.8181818181818182	0.814	0.8725559083573788	0.32276020913060866
AlphaGenome	0.5555555555555556	0.9800528014080375	0.34	0.403	0.7015	0.638	85	68	3341	165	90	275	250	3409	340	3684	0.422	0.384	4024	3426	365	0.09070576540755468	0.9092942345924453	0.9363213992894234	0.851	0.5539618656497507	0.23590077373573698
