tool	precision	specificity	sensitivity	mcc	norm_mcc	weighted_norm_mcc	tp	fp	tn	fn	mp	mn	scored_p	scored_n	total_p	total_n	F1	weighted_F1	total	correct	nan	fraction_nan	coverage	accuracy	weighted_accuracy
SQUIRLS	0.22448979591836735	0.7466666666666667	1.0	0.409	0.7045	0.704	11	38	112	0	0	0	11	150	11	150	0.367	0.367	161	123	0	0.0	1.0	0.7639751552795031	0.764
SpliceAI	0.21153846153846154	0.7210884353741497	1.0	0.391	0.6955	0.683	11	41	106	0	0	3	11	147	11	150	0.349	0.343	161	117	3	0.018633540372670808	0.9813664596273292	0.740506329113924	0.727
Pangolin	0.23404255319148937	0.76	1.0	0.422	0.711	0.711	11	36	114	0	0	0	11	150	11	150	0.379	0.379	161	125	0	0.0	1.0	0.7763975155279503	0.776
