tool	precision	specificity	sensitivity	mcc	norm_mcc	weighted_norm_mcc	tp	fp	tn	fn	mp	mn	scored_p	scored_n	total_p	total_n	F1	weighted_F1	total	correct	nan	fraction_nan	coverage	accuracy	weighted_accuracy	auROC	auPRC
SQUIRLS	0.225	0.6363636363636364	0.8372093023255814	0.303	0.6515	0.652	36	124	217	7	0	0	43	341	43	341	0.355	0.355	384	253	0	0.0	1.0	0.6588541666666666	0.659	0.7582350132987792	0.20411054196028952
SpliceAI	0.22289156626506024	0.6160714285714286	0.8604651162790697	0.305	0.6525	0.644	37	129	207	6	0	5	43	336	43	341	0.354	0.349	384	244	5	0.013020833333333334	0.9869791666666666	0.6437994722955145	0.635	0.7589285714285714	0.20071639482819356
Pangolin	0.25	0.6528189910979229	0.9069767441860465	0.36	0.6799999999999999	0.673	39	117	220	4	0	4	43	337	43	341	0.392	0.388	384	259	4	0.010416666666666666	0.9895833333333334	0.6815789473684211	0.674	0.8030501690704575	0.2285503927825286
AlphaGenome	0.5714285714285714	0.9805194805194806	0.22857142857142856	0.32	0.66	0.59	8	6	302	27	8	33	35	308	43	341	0.327	0.292	384	310	41	0.10677083333333333	0.8932291666666666	0.9037900874635568	0.807	0.49554730983302414	0.20033436546796962
