tool	precision	specificity	sensitivity	mcc	norm_mcc	weighted_norm_mcc	tp	fp	tn	fn	mp	mn	scored_p	scored_n	total_p	total_n	F1	weighted_F1	total	correct	nan	fraction_nan	coverage	accuracy	weighted_accuracy	auROC	auPRC
SQUIRLS	0.356	0.0	1.0	0.0	0.5	0.5	178	322	0	0	0	0	178	322	178	322	0.525	0.525	500	178	0	0.0	1.0	0.356	0.356	0.5533184451113127	0.40022511972201125
SpliceAI	0.36116910229645094	0.006493506493506494	1.0	0.048	0.524	0.504	173	306	2	0	5	14	173	308	178	322	0.531	0.511	500	175	19	0.038	0.962	0.36382536382536385	0.35	0.43206215749568355	0.3255582182821081
Pangolin	0.35353535353535354	0.006211180124223602	0.9831460674157303	-0.051	0.4745	0.474	175	320	2	3	0	0	178	322	178	322	0.52	0.52	500	177	0	0.0	1.0	0.354	0.354	0.5199595226463815	0.37616483324879324
AlphaGenome	0.7755102040816326	0.9571984435797666	0.34545454545454546	0.408	0.704	0.517	38	11	246	72	68	65	110	257	178	322	0.478	0.351	500	284	133	0.266	0.734	0.773841961852861	0.568	0.5505836575875487	0.49276059732966615
