tool	precision	specificity	sensitivity	mcc	norm_mcc	weighted_norm_mcc	tp	fp	tn	fn	mp	mn	scored_p	scored_n	total_p	total_n	F1	weighted_F1	total	correct	nan	fraction_nan	coverage	accuracy	weighted_accuracy	auROC	auPRC
SQUIRLS	0.3111111111111111	0.9207161125319693	0.56	0.368	0.6839999999999999	0.684	14	31	360	11	0	0	25	391	25	391	0.4	0.4	416	374	0	0.0	1.0	0.8990384615384616	0.899	0.7245012787723786	0.28808957735112145
SpliceAI	0.25	0.8849104859335039	0.6	0.328	0.664	0.664	15	45	346	10	0	0	25	391	25	391	0.353	0.353	416	361	0	0.0	1.0	0.8677884615384616	0.868	0.8026598465473146	0.18888159833619764
Pangolin	0.225	0.9207161125319693	0.36	0.226	0.613	0.613	9	31	360	16	0	0	25	391	25	391	0.277	0.277	416	369	0	0.0	1.0	0.8870192307692307	0.887	0.8003069053708439	0.177082598035152
AlphaGenome	0.6153846153846154	0.9862258953168044	0.4444444444444444	0.503	0.7515000000000001	0.688	8	5	358	10	7	28	18	363	25	391	0.516	0.473	416	366	35	0.08413461538461539	0.9158653846153846	0.9606299212598425	0.88	0.6368227731864096	0.30456345727024714
