tool	precision	specificity	sensitivity	mcc	norm_mcc	weighted_norm_mcc	tp	fp	tn	fn	mp	mn	scored_p	scored_n	total_p	total_n	F1	weighted_F1	total	correct	nan	fraction_nan	coverage	accuracy	weighted_accuracy
SQUIRLS	0.2	0.9603960396039604	0.4	0.258	0.629	0.629	4	16	388	6	0	0	10	404	10	404	0.267	0.267	414	392	0	0.0	1.0	0.9468599033816425	0.947
SpliceAI	0.1	0.9330024813895782	0.3	0.138	0.569	0.568	3	27	376	7	0	1	10	403	10	404	0.15	0.15	414	379	1	0.0024154589371980675	0.9975845410628019	0.9176755447941889	0.915
Pangolin	0.13636363636363635	0.9517766497461929	0.3333333333333333	0.185	0.5925	0.577	3	19	375	6	1	10	9	394	10	404	0.194	0.188	414	378	11	0.026570048309178744	0.9734299516908212	0.9379652605459057	0.913
