tool	precision	specificity	sensitivity	mcc	norm_mcc	weighted_norm_mcc	tp	fp	tn	fn	mp	mn	scored_p	scored_n	total_p	total_n	F1	weighted_F1	total	correct	nan	fraction_nan	coverage	accuracy	weighted_accuracy
SQUIRLS	0.125	0.4166666666666667	1.0	0.228	0.614	0.614	1	7	5	0	0	0	1	12	1	12	0.222	0.222	13	6	0	0.0	1.0	0.46153846153846156	0.462
SpliceAI	0.1111111111111111	0.3333333333333333	1.0	0.192	0.596	0.596	1	8	4	0	0	0	1	12	1	12	0.2	0.2	13	5	0	0.0	1.0	0.38461538461538464	0.385
Pangolin	0.09090909090909091	0.16666666666666666	1.0	0.123	0.5615	0.562	1	10	2	0	0	0	1	12	1	12	0.167	0.167	13	3	0	0.0	1.0	0.23076923076923078	0.231
