tool	precision	specificity	sensitivity	mcc	norm_mcc	weighted_norm_mcc	tp	fp	tn	fn	mp	mn	scored_p	scored_n	total_p	total_n	F1	weighted_F1	total	correct	nan	fraction_nan	coverage	accuracy	weighted_accuracy	auROC	auPRC
SQUIRLS	0.1357615894039735	0.8719960765080922	0.6307692307692307	0.248	0.624	0.624	41	261	1778	24	0	0	65	2039	65	2039	0.223	0.223	2104	1819	0	0.0	1.0	0.8645437262357415	0.865	0.7551137435394425	0.19098016336571644
SpliceAI	0.1557377049180328	0.8977159880834161	0.5846153846153846	0.261	0.6305000000000001	0.623	38	206	1808	27	0	25	65	2014	65	2039	0.246	0.243	2104	1846	25	0.01188212927756654	0.9881178707224335	0.8879268879268879	0.877	0.8368955771140478	0.18577790132047667
Pangolin	0.20512820512820512	0.9390363815142576	0.49230769230769234	0.285	0.6425	0.641	32	124	1910	33	0	5	65	2034	65	2039	0.29	0.289	2104	1942	5	0.002376425855513308	0.9976235741444867	0.9252024773701762	0.923	0.8215641782013464	0.17924933980831181
