tool	weighted_accuracy	accuracy	weighted_F1	F1	coverage	specificity	sensitivity	precision	mcc	norm_mcc	weighted_norm_mcc
SQUIRLS	0.899	0.8990384615384616	0.4	0.4	1.0	0.9207161125319693	0.56	0.3111111111111111	0.368	0.6839999999999999	0.684
Pangolin	0.887	0.8870192307692307	0.277	0.277	1.0	0.9207161125319693	0.36	0.225	0.226	0.613	0.613
AlphaGenome	0.88	0.9606299212598425	0.473	0.516	0.9158653846153846	0.9862258953168044	0.4444444444444444	0.6153846153846154	0.503	0.7515000000000001	0.688
SpliceAI	0.868	0.8677884615384616	0.353	0.353	1.0	0.8849104859335039	0.6	0.25	0.328	0.664	0.664
