tool	weighted_accuracy	accuracy	weighted_F1	F1	coverage	specificity	sensitivity	precision	mcc	norm_mcc	weighted_norm_mcc
SQUIRLS	0.356	0.356	0.525	0.525	1.0	0.0	1.0	0.356	0.0	0.5	0.5
Pangolin	0.354	0.354	0.52	0.52	1.0	0.006211180124223602	0.9831460674157303	0.35353535353535354	-0.051	0.4745	0.474
SpliceAI	0.35	0.36382536382536385	0.511	0.531	0.962	0.006493506493506494	1.0	0.36116910229645094	0.048	0.524	0.504
