tool	weighted_accuracy	accuracy	weighted_F1	F1	coverage	specificity	sensitivity	precision	mcc	norm_mcc	weighted_norm_mcc
Pangolin	0.674	0.6815789473684211	0.388	0.392	0.9895833333333334	0.6528189910979229	0.9069767441860465	0.25	0.36	0.6799999999999999	0.673
SQUIRLS	0.659	0.6588541666666666	0.355	0.355	1.0	0.6363636363636364	0.8372093023255814	0.225	0.303	0.6515	0.652
SpliceAI	0.635	0.6437994722955145	0.349	0.354	0.9869791666666666	0.6160714285714286	0.8604651162790697	0.22289156626506024	0.305	0.6525	0.644
