tool	precision	specificity	sensitivity	mcc	norm_mcc	weighted_norm_mcc	tp	fp	tn	fn	mp	mn	scored_p	scored_n	total_p	total_n	F1	weighted_F1	total	correct	nan	fraction_nan	coverage	accuracy	weighted_accuracy
SQUIRLS	0.0	1.0	0.0	0.0	0.5	0.462	0	0	76	8	0	7	8	76	8	83	0.0	0.0	91	76	7	0.07692307692307693	0.9230769230769231	0.9047619047619048	0.835
SpliceAI	0.4	0.9583333333333334	0.25	0.258	0.629	0.553	2	3	69	6	0	11	8	72	8	83	0.308	0.27	91	71	11	0.12087912087912088	0.8791208791208791	0.8875	0.78
Pangolin	0.3333333333333333	0.9393939393939394	0.3333333333333333	0.273	0.6365000000000001	0.252	1	2	31	2	5	50	3	33	8	83	0.333	0.132	91	32	55	0.6043956043956044	0.3956043956043956	0.8888888888888888	0.352
