tool	precision	specificity	sensitivity	mcc	norm_mcc	weighted_norm_mcc	tp	fp	tn	fn	mp	mn	scored_p	scored_n	total_p	total_n	F1	weighted_F1	total	correct	nan	fraction_nan	coverage	accuracy	weighted_accuracy
SQUIRLS	0.0	1.0	0.0	0.0	0.5	0.493	0	0	63	6	0	1	6	63	6	64	0.0	0.0	70	63	1	0.014285714285714285	0.9857142857142858	0.9130434782608695	0.9
SpliceAI	0.3333333333333333	0.9682539682539683	0.16666666666666666	0.186	0.593	0.585	1	2	61	5	0	1	6	63	6	64	0.222	0.219	70	62	1	0.014285714285714285	0.9857142857142858	0.8985507246376812	0.886
Pangolin	0.5	0.96	0.3333333333333333	0.352	0.6759999999999999	0.27	1	1	24	2	3	39	3	25	6	64	0.4	0.16	70	25	42	0.6	0.4	0.8928571428571429	0.357
